Źródło,Nazwa,NazwaPL,Cecha,Min. Ręka,Rzucanie,Czas,Zasięg,Opis,As,Para,Para Figur,Dwie Pary,Trójka,Strit,Kolor,Ful,Kareta,Poker,Królewski Poker
Hexarcana,A Glass Darkly,Szkło w ciemności,Spostrzegawczość,Para,2,Działa 1 rundę/H,Zasięg 5 jardów,"Pozwala Kanciarzowi i jego towarzyszom zobaczyć odbicie przeszłych zdarzeń, patrząc w szybę okienną. Wszyscy patrzący w okno w trakcie rzucania Kanta widzą niewyraźne wizje, odzwierciedlające wydarzenia, jakie działy się w przeszłości po drugiej stronie okna. Wizje są bardzo niewyraźne i przypominają cienie (np. rozpoznanie twarzy rzadko jest możliwe). Co więcej, ludzie stojący po drugiej stronie szyby nie widzą ich. Kant przywołuje najbardziej nasycone emocjami wydarzenie (np. morderstwo) w ciągu ostatniego okresu (okres jest tym większy, im wyższa ręka została pociągnięta). Kolejne rzucania Kanta pokazują inne wydarzenia – w kolejności od najbardziej do najmniej dramatycznych.",-,Dzień,Dzień,Tydzień,Miesiąc,Rok,5 lat,10 lat,20 lat,50 lat,100+ lat
Podstawka,Ace in the Hole,As w Rękawie,Wiedza,Dwie Pary,10 minut,1 dzień/kant,Dotyk,"Kanciarz łączy znany sobie Kant z drobnym przedmiotem (zwykle kartą do gry). Właściciel tego przedmiotu może rzucać ten Kant tak, jakby był Kanciarzem. Liczba kości jest równa poziomowi Hexslingin' Kanciarza rzucającego Ace in the Hole. Rodzaj kości jest zależny od rzucającego „oddany” Kant. Kanciarz nie może posługiwać się „oddanym” Kantem, może jednak w dowolnym momencie przerwać efekt.
Przy rzucaniu „oddanego” Kanta backlash pojawia się również przy wyciągnięciu czerwonego Jokera.
Jeśli Kanciarz „odda” Kant którego nie można rzucać na siebie, to „na siebie” oznacza zarówno osobę której oddano Kant, jak i samego Kanciarza",,,,,,,,,,,
Podstawka,Achilles' Heel,Pięta Achillesa,Spostrzegawczość,Dwie Pary,1,Działa natychmiast,Zasięg 1 jard/H,"Daje wizję lub przeczucie dotyczące słabej strony Abominacji – im lepsza ręka, tym bardziej dokładna wizja. Użyte przeciw ludziom lub zwierzętom podaje wszystkie posiadane Zawady cztero- i pięciopunktowe.",,,,,,,,,,,
Podstawka,Air Bubble,Bąbel,Duch,As,1,Trwa 1 min/H,Zasięg 5 jardów/H,"Tworzy bańkę powietrza dookoła głowy Kanciarza lub celu Kanta. Świeże powietrze wewnątrz bańki jest nieustannie odświeżane. Od pociągniętej ręki zależy, w jakim środowisku bańka spełnia swoją rolę:",Dym,Gaz,Pod wodą,,,,,,,,
Shootist,All for One,Wszystkie za Jedną,Spryt,As,1,1 Tchu/rundę,Zasięg 1 jard/H,"Sprawia, że cel Kanta ma wszystkie specjalizacje umiejętności Shootin' (o ile posiada tę umiejętność).",,,,,,,,,,,
Shootist,Ammo Whammy,Za Garść Nabojów,Wiedza,As,1,Trwa 10 min/H,Na siebie,"Tworzy 3 kule, plus 3 za każdą rękę powyżej minimum. Kule istnieją tylko przez czas działania Kanta (chyba że kogoś trafią). Kule pojawiają się w dłoniu Kantującego. Dokładna liczba stworzonych pocisków podana jest w tabeli pod opisami Kantów.",3,6,9,12,15,18,21,24,27,30,33
Metal Mage,Analyse,Analiza,Spostrzegawczość,As,specjalne,Czas działania specjalny,Dotyk,"Po rzuceniu tego Kanta na eliksir, Kanciarz może ustalić jaka jest dokładna formuła jego tworzenia. Jeśli jest Alchemikiem, może od tej pory tworzyć ten eliksir tak, jakby sam go wymyślił. Jeśli nie, może – przez tyle godzin, ile wynosi jej typ kości w Smarts – wyjaśnić komuś, na czym polega formuła (po upływie tego czasu formuła zostaje zapomniana). Słuchający musi wykonać test Smarts (PT 11), by zrozumieć dość chaotyczne wyjaśnienia. Ten test można wykonać tylko raz – później Kanciarz musi raz jeszcze rzucić Analyse, by „spojrzeć na formułę z innej perspektywy”.",,,,,,,,,,,
Shootist,Argent Agony,Srebrzysta Agonia,Wiedza,Para,2,Trwa 10 minut/H,Na siebie,Zamienia 1 kulę (i dodatkowo jedną za każdą rękę powyżej minimum) w kulę zdolną ranić nadnaturalne stworzenia. Efekt trwa przez czas działania Kanta.,-,1,2,3,4,5,6,7,8,9,10
Metal Mage,Barricade,Barykada,Wiedza,Para Figur,2,Działa 1 minutę/H,Zasięg 5 jardów/H,"Tworzy mur złożony z kawałków metalu i innego złomu o szerokości 3 stóp na poziom Kantowania oraz wysokości 3 stóp. Ta barykada zapewnia Zbroję przeciw atakom zasięgowym (Shootin', Throwin'). Po upływie działania Kanta bariera momentalnie rdzewieje, rozpada się i znika.",-,-,(-4),1,2,3,4,5,6,7,8
Podstawka,Bash,Baśka,Duch,Para,2,Działa natychmiast,Zasięg 25 jardów/H,"Z rąk Kanciarza wylatuje wirująca kula energii, która przy trafieniu w cel powoduje uszkodzenia mechaniczne nieożywionych przedmiotów. Rzut za Kantowanie jest jednocześnie rzutem za atak. Nie ma modyfikatorów zasięgu, ale mogą pojawić się modyfikatory za rozmiar celu, strzały mierzone etc. Kula energii porusza się dość wolno, więc wszelkie rzuty za Uniki, Drivin' etc., mające na celu jej uniknięcie, otrzymują modyfikator +3. UWAGA: przy obrażeniach zadawanych maszynom, budynkom etc. nie dzieli się obrażeń przez 10 (tak, jak robi się w przypadku broni palnej małego kalibru).",0 / 1k4 T.,1k6,3k6,4k8,5k8,6k8,7k10,8k10,9k10,10k12,10k20
Podstawka,Beast Master,Władca Zwierząt,Spryt,Para,1,Koncentracja,Zasięg 5 jardów/H,Pozwala kontrolować mentalnie zwierzęta w zasięgu Kanta. Kant nie zwiększa inteligencji zwierząt i nie zwalnia z konieczności rzutów za Jaja.,-,1,1k4,1k6,2k6,3k8,4k10,5k12,6k20,8k20,10k20
Podstawka,Bedazzle,Oślepienie,Spryt,As,1,Działa natychmiast,Zasięg 5 stóp/H,"Każdy, kto patrzył w momencie rzucania Kantu na pojawiające się w jego ręku karty musi rzucić test Cognition (PT 3 +2 za każdą rękę powyżej minimum) lub zostaje oślepiony jaskrawymi, kolorowymi światłami, otrzymując -4 do wszystkich testów wymagających użycia wzroku. Oślepienie trwa 1 rundę na każdy poziom Kantowania. Osoby które zdały test Cognition zamykają oczy w momencie rozbłysku.",3,5,7,9,11,13,15,17,19,21,23
Hexarcana,Black Cat,Czarny kot,Spryt,Dwie Pary,Zwiewanie!,Działa natychmiast,Zasięg 5 jardów/H,"Kant, rzucony natychmiast po wykonaniu przez kogoś jakiegoś działania (Kanciarz musi wykonać Zwiewanie, czyli odrzucić najwyższą posiadaną kartę) zmusza osobę wykonującą tę czynność do natychmiastowego przerzucenia związanego z tą czynnością testu. Oryginalny test musi być udany (nie można wykorzystać Black Cat do kolejnej próby zdania oblanego testu). Co więcej, cel zaklęcia dostaje do drugiego testu premię +2.",,,,,,,,,,,
Podstawka,Black Lightnin',Czarna Błyskawica,Duch,Para,1,Działa 1 rundę/H,Zasięg 5 jardów/H,"Rzucenie Kanta ładuje dłonie Kanciarza czarną energią podobną do elektryczności. Przez czas działania Kanta może on rzucać tą energią w przeciwników (wymaga to Umiejętności Throwin': Black Lightnin'). Nie ma modyfikatorów z zasięgu, ale nie można celować w konkretną część ciała. Zbroja nie chroni przed efektami. Trafienie w walce wręcz automatycznie rozładowuje wszystkie ładunki na przeciwniku. Jeśli Kanciarz jest mokry, wszystkie ładunki rozładowują się na nim samym.",-,"K4 obr.
(H)k4","K4
(H)k4","K6
(H)k4","K8
(H)k4","K10
(H)k6","K12
(H)k6","K20
(H)k6","K20
(H)k8","K20
(H)k10","K20
(H)k12"
Metal Mage,Blast Furnace,Wielki Piec,Duch,As,2,Koncentracja,Zasięg 10 jardów/H,"Kant ten pozwala topić metale. Maksymalna masa, jaką można stopić, to 10 funtów na każdy poziom Kantowania. Rodzaj metalu, jaki można stopić zależy od pociągniętej ręki (choć nigdy nie jest możliwe stopienie Stali Upiorytowej). Niezależnie od siły Kanta, jego energia zaczyna się od tej, jaka powstałaby przy Asie, i rośnie o 1 typ ręki w kazdej rundzie działania Kanta. Aby stopić metal, należy utrzymać działanie Kanta przez 2 rundy na każdy poziom ręki potrzebnej do jego stopienia (na przykład nikiel wymaga Fula, siódmej ręki w kolejności, więc jego stopienie wymaga 7*2=14 rund). Nawet jeśli temperatura jest niewystarczająca do stopienia danego rodzaju metalu, i tak rozgrzewa się on do odpowiedniej temperatury. (kostakmi oznaczono obrażania za kontakt z podgrzewanym obiektem) ",1k6 DAM,"Ołów, 2k6","Ołów, 2k6","Cynk, 3k6","Alumi-nium, 4k6","Srebro, 5k8","Złoto, miedź, 6k8","Nikiel, 7k10","Żelazo, 8k10","Stal, 9k12","Wolfram,
10k12+2"
Podstawka,Bloodhound,Ogar,Spostrzegawczość,Para,1,Działa 1 godzinę/H,Zasięg 5 jardów/H,"Jeśli cel Kanta znajduje się w zasięgu podczas rzucania, do momentu zakończenia Kanta rzucający może dowiedzieć się pewnych rzeczy na temat ofiary (efekt zależny jest od ręki – przy Asie ogólny kierunek, przy Parze ogólny dystans, przy dwóch Parach kierunek podróży, przy trójce dokładne położenie, przy Stricie aktualnie wykonywana czynność, przy wyższych rękach więcej informacji), co pozwala łatwiej śledzić jej działania. Kant Ghost Trail nie zawsze chroni przed efektami Bloodhound (osoba tropiąca przy użyciu Bloodhound rzuca test sporny Hexslingin' przeciw osobie rzucającej Ghost Trail, Bloodhound działa tylko jeśli test sporny jest wygrany).",Ogólny kierunek,Ogólny kierunek,,Kierunek podróży,Trójce dokładne położenie,Aktualnie wykonywana czynność,,,,,
Podstawka,Bodyguard,Ochrona,Duch,As,2,Działa 1 minutę/H,Na siebie,"Magicznie pochłania określoną liczbę poziomów ran (zależną od pociągniętej ręki). Chroni to przed wszelkimi obrażeniami, a także ich dodatkowymi efektami (trucizna, utrata Tchu, przewrócenie na ziemię etc.). Nie chroni przed atakami i efektami powodującymi TYLKO utratę Tchu (tonięcie, duszenie, krwawienie). Kanciarz może być pod wpływem tylko jednego Bodyguard na raz.",1,2,3,4,6,8,10,14,20,30,50
Podstawka,Brimstone,Dymy Piekielne,Spryt,As,1,Działa 1 minutę/H,Zasięg 5 jardów/H,"Aby rzucić Kant, Kanciarz musi mieć dostęp do żarzących się węgli. Wkładając w nie rękę, może wyciągnąć kawałek dymiącej siarki (tracąc przy okazji k6 Tchu). Od tej pory każdy (wliczając Kanciarza), kto znajduje się w zasięgu dymu produkowanego przez bryłę siarki traci co turę Dech, jak również otrzymuje modyfikator -2 do wszystkich rzutów. Opuszczenie zadymionego obszaru zatrzymuje utratę Tchu, ale modyfikator utrzymuje się przez 2 pełne rundy.",1k4,1k6,1k8,2k6,2k8,2k10,2k12,3k12,4k12,5k12,5k20
Metal Mage,Bullet Proof,Kuloodporny,Spryt,Para,2,Działa 5 rund/H,Zasięg 10 jardów,"Ze skóry celu wyrastają rdzewiejące, nieregularne skrawki metalu, pokrywając całą jej powierzchnię twardym pancerzem. Dzięki temu cel Kanta otrzymuje Zbroję (o wartości od 1 do 5). W zamian spada jej Nimbleness (o jeden typ kości na każdy poziom zbroi, minimum k4). Nie jest możliwe wybranie efektu słabszego niż wyciągnięta ręka.",-,1,2,3,4,5,5,5,5,5,5
Shootist,Bullet With Your Name on It,Kula z Twoim Imieniem,Wiedza,As,1,1 Tchu/rundę,Na siebie,"Eliminuje kary związane z mierzonymi strzałami i/lub osłoną przy strzelaniu w jedną, konkretną osobę. Na najniższej ręce eliminuje karę -2, plus dodatkowo -1 za każdą rękę powyżej minimum. Aby Kant działał, Kanciarz musi znać imię lub nazwisko celu.
Dokładna wartość zanegowanych kar podana jest w tabeli pod opisami Kantów.
",-2,-3,-4,-5,-6,-7,-8,-9,-10,-11,-12
Metal Mage,Bullet-Stopper,Kulołap,Duch,As,1,1 Tchu/rundę,Zasięg 10 jardów/H,"Kanciarz ma prawo do wyboru 1 celu (2 po pociągnięciu 2 par, 3 po pociągnięciu Trójki, 4 po pociągnięciu Karety, 5 po pociągnięciu Królewskiego Pokera). Cel Kanta ma większą szansę, że zostanie trafiony zabłąkaną kulą (szansa 1/6 wzrasta do 2/6, szansa 2/6 do 3/6). Oprócz tego, przy sprawdzaniu czy ktoś nie został trafiony zabłąkanym strzałem, cel Kanta jest ZAWSZE sprawdzany w pierwszej kolejności (tak więc zmniejsza się szansa, że ktoś inny zostanie trafiony przed nim i nie będzie on już zagrożony).",,1,1,2,3,3,3,3,4,4,5
Shootist,Bullseye,Między Oczy,Spryt,Para,1,1 Tchu/rundę,Dotyk,Cel Kanta dostaje na czas jego trwania premię +2 do wszystkich testów Shootin'. Kant nie działa na broń automatyczną ani na żadne gizmos.,,,,,,,,,,,
Podstawka,Call o' the Wild,Zew Krwi,Wiedza,Para,2,Koncentracja,Zasięg 1 mila/H,"Przyzywa (ale nie teleportuje!) pobliskie zwierzęta, które Kanciarz może kontrolować dopóki utrzymuje koncentację. Zwierzęta będą wypełniać mentalne polecenia Kanciarza zgodnie ze swoją inteligencją (czyli interpretując jego polecenia najlepiej jak potrafią). Rodzaj i liczba wezwanych zwierząt zależy od pociągniętej ręki (choć zawsze można wezwać słabsze zwierzęta niż wskazywałaby ręka).",,,"1k4 koty, skunksy, szopy;","3k6 szczurów, nietoperzy, węży;",,"2k6 wilków, kuguarów;",1k4 niedźwiedzie;,,2 razy większy zasięg;,,
Hexarcana,Cardsharp,Ostrze do kart,Wiedza,Para,1,Działanie 1 runda/H,Na siebie,"Kant ten działa nieco inaczej niż inne, gdyż jego efekt zależy nie tylko od pociągniętej ręki, ale też od tego, z jakich składa się ona kart. 5 kart, jakie otrzymał Kanciarz w teście Kantowania, pojawia się w jego ręce. Może on nimi rzucać za pomocą swojej umiejętności Throwin: Balanced. Mają one przyrost zasięgu 5, zadają magiczne obrażenia, ale nie ignorują zbroi. Maksymalna odległość, na jaką można je rzucić to 5 jardów na każdy poziom Kantowania rzucającego.",-,0,2,4,6,8,10,12,14,16,18
Metal Mage,Caustic Glop,Żrąca Maź,Spryt,Para,2,Czas działania specjalny,Zasięg 5 jardów/H,"Wystrzeliwuje niewielką kulę kwasu (test Kantowania jest zarazem testem trafienia, nie ma modyfikatorów za zasięg). W pierwszej turze kwas zadaje pełne obrażenia, w każdej następnej kostka obrażeń spada o 1 (jeśli obrażenia już wynosą xk4, spadają do zera). Jeśli kwas trafi w zbroję, w pierwszej turze nie zadaje żadnych obrażeń, ale w każdej turze, w której zadwałby co najmniej k6 obrażeń obniża (stale) poziom zbroi o 1.",-,2k4,3k4,3k6,3k8,4k8,5k8,5k10,6k10,7k10,8k12
Podstawka,Clear Out!,Won!,Duch,As,1,Działa 1 rundę/H,Na siebie,"Tworzy sferę energii kinetycznej odpychającej wszystko (i wszystkich) w pobliżu Kanciarza. Promień sfery wynosi 5 jardów na poziom Kantowania. Stworzenia, które nie chcą być odepchnięte (lub przyparte do ściany, jeśli nie mają GDZIE być odepchnięte) mają prawo do testu Siły o PT zależnym od pociągniętej ręki (3 przy Asie, 5 przy Parze etc.). Kant nie zatrzymuje kul rewolwerowych, strzał etc.
Dokładny PT testu Siły oraz maksymalna masa odepchniętych przedmiotów podana jest w tabeli pod opisami Kantów.
",50,100,150,200,250,300,350,400,450,500,550
Hexarcana,Cold Snap,Nagłe zmrożenie,Wiedza,Para,2,Działanie 5 rund/H,Zasięg 5 jardów/H,"Powoduje gwałtowny spadek temperatury w zasięgu działania Kanta. Każdy kto znajduje się w zasięgu, wliczając w to undeadów i inne Abominacje (oprócz tych magicznie niewrażliwych na efekty zimna) ma Deftness, Nimbleness i Quickness obniżone o 1 poziom, plus 1 za każdą rękę powyżej minimalnej. Jeśli cecha obniżona zostaje do k4, spada liczba kostek w tej cesze (minimum 1k4).",-,-1,-2,-3,-4,-5,-6,-7,-8,-9,-10
Podstawka,Confound,Konfuzja,Spryt,As,1,Działanie 1 runda,Zasięg 5 jardów/H,"Zwiększa PT następnej Akcji wykonywanej przez cel (przy minimalnej ręce o +2 oraz dodatkowo +2 za każdą następną rękę). Przebicia liczone są zależnie od nowego PT. Kant wpływa na dowolne testy, w tym testy Kantowania, Wiary etc.",2,4,6,8,10,12,14,16,18,20,22
Podstawka,Corporeal Tweak,Podkręcenie Fizyczne,Spryt,Para,1,Koncentracja lub 1 Tchu/ rundę,Zasięg 5 jardów/H,Zwiększa jedną z Cech Fizycznych celu.,-,+/-1,+/-1,+/-2,+/-3,+/-4,+/-5,+/-6,+/-7,+/-8,+/-10
Podstawka,Corporeal Twist,Przykręcenie Fizyczne,Spryt,Para,1,Koncentracja lub 1 Tchu/ rundę,Zasięg 5 jardów/H,"Zmniejsza jedną z Cech Fizycznych celu. Jeśli cecha spadnie do k4, zmniejsza się liczba kostek w niej, aż do 1k4.",-,+/-1,+/-1,+/-2,+/-3,+/-4,+/-5,+/-6,+/-7,+/-8,+/-10
Podstawka,Critter Ward,Zwierzenie,Duch,Para Figur,5 minut,Działanie 1 godzina/H,Dotyk,"Tworzy krąg o promieniu 5 stóp na każdy poziom Hexslingin'. Żadne zwierzę nie może wejść z własnej woli do kręgu. Zwierzęta kontrolowane magicznie muszą zdać test Jaj (PT 7), lecz nawet wtedy otrzymują karę -2 do wszystkich testów, a w momencie, gdy kontrola przestanie działać, uciekną.",,,,,,,,,,,
Podstawka,Deadly Creepers,Rosiczka,Wiedza,Para,2,Koncentracja,Zasięg 15 jardów/H,"Ożywia rośliny w zasięgu, które zaczynają atakować każdego, wliczając Kanciarza i jego przyjaciół. Każdy kto próbuje opuścić obszar porośnięty roślinami musi wykonać test Siły (PT 5). Ponadto, od pociągniętej reki zależy maksymalny rozmiar roślin które Kant ożywia, oraz ilość zadawanych przez nie w rundzie obrażeń.","Trawa, zero obrażeń;",,"Pnącza, krzaki, 1k10 Tchu;","Młode drzewka, 1k6 obrażeń;","Małe drzewa, 2k6;","Średnie drzewa, 3k6;","Duże drzewa, 4k8;",,5k12;,,6k20.
Metal Mage,Decrypt,Odszyfrowywanie,Wiedza,Para,1,Działa 1 minutę/H,Na siebie,"Ułatwia łamanie kodów i szyfrów. Bazowa ręka daje premię +5 do testów Professional: Cryptology, każda ręka powyżej minimum daje dodatkową premię +2. Kant działa nawet, jeśli rzucający nie posiada umiejętności Cryptology.",-,5,7,9,11,13,15,17,19,21,23
Metal Mage,Dementia,Obłęd,Charyzma,Para,2,Działa 1 minutę/H,Zasięg 5 jardów/H,"Obdarza cel Kanta tymczasową chorobą psychiczną. Efekt zależny jest od pociągniętej ręki (choć Kanciarz może zdecydować sie na efekt ręki niższej niż pociągnięta). Kanciarz ma prawo częściowo decydować o efekcie psychozy (np. jeśli efektem Kanta jest Fobia, Kanciarz ma częściowy wpływ na przedmiot fobii).",,,"Roztargnionny (cel Kanta musi zdać test Smarts o PT 5 zawsze, gdy chce pamiętać o ważnych faktach – na przykład co robił przed minutą);",Mniejsza Fobia (-2 do wszystkich działań związanych z przedmiotem fobii lub w jego obecności);,Paranoja (cel Kanta staje się nienaturalnie podejrzliwy wobec wszystkich dookoła. Nigdy nie pozwoli NIKOMU zbliżyć się na odległość poniżej 5 stóp);,Większa Fobia (-4 do wszystkich działań związanych z przedmiotem fobii lub w jego obecności; wymagany test Jaj o PT 9 by w jakikolwiek sposób bezpośrednio wpłynąć na przedmiot fobii);,"Urojenie (cel zaczyna wierzyć w coś potencjalnie bardzo niebezpiecznego – że potrafi latać, że kwas siarkowy jest dobry na wrzody żołądka, albo że „wszyscy wiedzą że niezawodny sposób na uspokojenie wilkołaka to podrapać go za uszami”).",,,,
Podstawka,Deuces Wild!,Podwojenie,Spryt,Para Figur,2,Koncentracja,Zasięg 5 jardów/H,"Tworzy iluzoryczną kopię Kanciarza, którą można poruszać dzięki koncentracji. Rozpoznanie „fałszywki” wymaga testu Cognition (PT 7, choć przy odległości mniejszej niż 3 stopy można zobaczyć falowanie obrazu Kanciarza już przy PT 3). Kant nie działa na stworzenia polegające np. na węchu.
Jeśli Kanciarz wyciągnie trójkę lub lepiej, może sprawić że iluzja wydaje się mówić.
",,,,,,,,,,,
Metal Mage,Devil's Workshop,Warsztat Diabła,Spryt,Para,1 godzina,Czas działania specjalny,Zasięg 1 jard,"Jeśli rzuci się ten Kant na Szalonego Naukowca, gdy rozpoczyna pracę nad konstrukcją wynalazku (można rzucać na siebie), czas potrzebny na ukończenie projektu będzie krótszy, w zależności od pociągniętej ręki.",-,-10%,-10%,-20%,-30%,-40%,-40%,-50%,-60%,-60%,-75%
Podstawka,Disrupt,Rozproszenie,Wiedza,As,2,Działa natychmiast,Zasięg 5 jardów/H,"Rozprasza trwający efekt Kanta, magii lub mocy Wygrzebańczej (nie działa na szamańskie Przysługi, na Cuda Świątobliwych, na magię Anahuaców, na mojo voodooistów etc.). Wymagana ręka zależy od poziomu odpowiedniej mocy czy umiejętności u rzucającego.",1,2,3,4,4,5,6,7,8,9,10
Podstawka,Diversion,Sabotaż,Spryt,Para,Zwiewanie!,Działa natychmiast,Zasięg 5 jardów/H,"Sprawia, że atak (nie-obszarowy) wycelowany w kogoś innego niż Kanciarz zostaje odbity w bok (działa na pociski, Soul Blast czy Black Lightnin' etc.). PT trafienia zwiększa się o 5.",,,,,,,,,,,
Podstawka,Draw!,Ciągnij!,Spryt,As,2,1 runda,Zasięg 10 jardów/H,"Sprawia, że Kanciarz lub jego towarzysz natychmiast ciągnie dodatkowe Karty Akcji. Katy wyższe niż już użyte w danej rundzie muszą być natychmiast użyte, schowane do rękawa lub odrzucone.
Dokładna liczba dodatkowych kart podana jest w tabeli pod opisami Kantów.
",1,2,2,3,4,5,6,7,8,9,10
Podstawka,Earshot,Przesłyszenie,Spostrzegawczość,Para,1,Koncentracja lub 1 Tchu/rundę,Zasięg 1 mila/H,"Kanciarz może słyszeć uszami osoby (nie Abominacji), którą widzi lub jeśli trzyma w ręku przedmiot dotknięty przez cel w ciągu ostatniego tygodnia. Jeśli cel rzuci test Ducha (PT 7), może co rundę próbować „wyrzucić” Kanciarza ze swojej głowy (sporny test Ducha przeciw Kantowaniu).",,,,,,,,,,,
Podstawka,Earthwrack,Wszcząs,Wiedza,As,2,Działa natychmiast,Zasięg 5 jardów/H,Tworzy trzęsienie ziemi o efekcie zależnym od pociągniętej ręki. Można też wybrać efekt słabszy niż pociągnięta ręka.,Ziemia w kwadracie o boku do 10 jardów na poziom Kantowania staje się poszarpana i nierówna – nie można po niej biec.,,"Wypiętrza się kopiec ziemi o rozmiarze do 1 stopy szerokości, 2 stóp wysokości, i 10 stóp długości na poziom Kantowania.",Wstrząsy zadające do 4k12 obrażeń wszystkim budynkom i konstrukcjom w zasięgu.,"Wypiętrza się blok skalny o grubości stopy, wysokości 2 stóp i 5 stóp długości na poziom Kantowania.","Otwiera się wąwóz szeroki na 8 stóp, głęboki na 20 stóp i długi na 10 stóp na poziom Kantowania.",,,Niewielkie trzęsienie ziemi wstrząsa obszarem. Dokładny efekt określa Szeryf.,,"Potężne trzęsienie ziemi wstrząsa obszarem. Budynki i kopalnie walą się, wstrząsy zwalają ludzi z nóg, rzeki występują z brzegów."
Podstawka,Eyespy,Argus,Spostrzegawczość,As,1,Koncentracja,Na siebie,"Dookoła głowy Kanciarza pojawia się krąg ledwie widocznych oczu. Kanciarz otrzymuje +5 do testów Cognition związanych z zaskoczeniem. Co 5 minut Kanciarz musi wykonać test Wigoru (PT 5), inaczej z powodu zmienionej perspektywy zrobi mu się niedobrze, co przerywa koncentrację i kończy działanie Kanta.",,,,,,,,,,,
Hexarcana,Fifty-Two Pickup,Rozrzut Pięćdziesięciu Dwóch,Spryt,As,1,Działa 1 rundę/H,Dotyk,"Do rzucenia tego Kanta potrzebna jest talia kart. W momencie rzucenia wyfruwają one z rąk Kanciarza, jednocześnie zwiększając swoją liczbę co najmniej stukrotnie, a następnie zaczynają chaotycznie wirować w obszarze o promieniu 5 jardów na każdy poziom Kantowania. Każdy, kto próbuje wykonać jakiekolwiek działanie oparte na wzroku (wszystkie testy oparte o Cognition, testy Search, Shootin' etc.) otrzymuje karę -2 za minimalną rękę, oraz dodatkowo -2 za każdą rękę powyżej minimum.",-2,-4,-6,-8,-10,-12,-14,-16,-18,-20,-22
Podstawka,Filibuster,Nawijka,Charyzma,As,1,Koncentracja,2 jardy,"Głos Kanciarza staje się hipnotyzujący dla jednego celu. Jeśli coś ważnego dzieje się w otoczeniu, cel Kanta może spróbować testu Cognition (PT 3, za każdą rękę powyżej minimum +2), by przestać słuchać Kanciarza.",3,5,7,9,11,13,15,17,19,21,23
Podstawka,Flypaper Fingers,Człowiek-Mucha,Duch,Para Figur,1,Działa 1 minutę/H,Dotyk,"Dłonie i stopy Kanciarza stają się bardzo lepkie (działa nawet przez rękawice i buty), umożliwiając wspięcie się na dowolną powierzchnię (maksymalny PT testu Wspinaczki to 3). Ponadto Kanciarz dodaje podwojoną wartość swojej umiejętności Hexslingin' do testów Siły związanych z próbami utrzymania czegoś w ręku.",,,,,,,,,,,
Podstawka,Foil,Kontra,Spryt,As,Zwiewanie!,Działa natychmiast,Zasięg 5 jardów/H,"Kontruje działającą natychmiast moc Wygrzebańczą, Kant lub zaklęcie czarnej magii. Wymagana ręka zależy od poziomu odpowiedniej mocy czy umiejętności u rzucającego.",1,2,3,4,4,5,6,7,8,9,10
Podstawka,Forget,Zapomnij,Charyzma,As,1,Działa trwale,Zasięg 1 jard,"Kasuje pamięć z ostatniego okresu, w zależności od pociągniętej ręki. Gdy ofiara Kanta próbuje w przyszłości przypomnieć sobie cokolwiek z danego okresu, musi rzucić test Knowledge (PT 11). Kanciarz może też próbować zaszczepić fałszywe wspomnienia (test Smarts o PT 9, oblany oznacza, że udaje się tylko skasować wspomnienia, Niefart, że nawet kasowanie działa tylko przez k4 dni).",Runda,Minuta,5 min,10 minut,Godzina,6 h,Dzień,7 dni,1 mies.,6 mies.,Rok
Podstawka,Fortitude,Hart Ducha,Duch,As,2,Działa 1 minutę/H,Zasięg 5 jardów/H,"Tego Kanta nie można rzucać na siebie. Daje on celowi dodatkowy Dech na czas trwania Kanta. W momencie skończenia Kanta cały dodatkowy Dech ponownie znika (co może się wiązać np. z ponownym utraceniem przytomności, jeśli Kant rzucono na osobę nieprzytomną!).",5,10,10,15,25,40,60,80,100,120,150
Podstawka,Fortune Teller,Wróż,Spostrzegawczość,Dwie Pary,5 minut,Działa natychmiast,1 jard,Daje Kanciarzowi wizję na temat możliwej przyszłości celu.,,,,,,,,,,,
Podstawka,Gambler's Luck,Gra z Losem,Duch,Para Figur,1,Działa stale,Na siebie,"Aby rzucić ten Kant, Kanciarz musi wydać co najmniej białego Sztona. Jeśli Kant się uda, Kanciarz dostaje dodatkowe Sztony: za parę waletów 2 białe, za trójkę 2 białe i czerwony, za Strita 2 białe, czerwony i niebieski. Przy Niefarcie lub Backlashu traci WSZYSTKIE swoje Sztony.",,,,,,,,,,,
Podstawka,Gateway,Portal,Wiedza,Dwie Pary,2,Koncentracja,Zasięg 2 mile/H,"Kanciarz musi wybrać drzwi lub inne przejście (o rozmiarze do 5x10 stóp). Musi umieścić wybrany przez siebie, dowolnie prosty lub skomplikowany znak, wyryty, narysowany lub chociaż dotykający tej strony drzwi, z której zechce wyjść. Nie można w ten sposób przygotować więcej niż jednego portalu.",,,,,,,,,,,
Podstawka,Geyser,Gejzer,Wiedza,Para,3,Działa 1 rundę,Zasięg 20 jardów/H,"Po rzuceniu Kanta z ziemi wytryska gejzer, o wysokości 5 jardów i szerokości jarda. Każdy kto stoi na gejzerze otrzymuje obrażenia, każdy w promieniu 3 jardów połowę obrażeń. Erupcja poprzedzona jest drżeniem ziemi, każdy kto chce uniknąć gejzeru musi wykonać test Nimbleness (PT 7), by przenieść się ze sfery pełnych obrażeń do sfery połowy obrażeń, lub uniknąć obrażeń całkowicie gdys toi w strefie połowy obrażeń.",-,4k4,4k4,5k6,6k6,6k8,7k10,8k10,9k10,10k12,11k12
Podstawka,Ghost Rider,Upiorny Jeździec,Duch,Para Figur,minuta,Działa 1 godzinę/H,Dotyk,"Przyzywa ducha konia. Jazda na tym wierzchowcu nigdy nie wymaga testów Horse Ridin', może go też dosiąść tylko Kanciarz. Zjawa ma statsy jak zwykły koń, poza tym, że ma Tempo 24, Ducha 2k8, nie umie walczyć, i znika po otrzymaniu pojedynczej rany. Co więcej, wszystkie próby wytropienia konia mają karę -2.",,,,,,,,,,,
Podstawka,Ghost Trail,Upiorny Szlak,Spryt,As,1,Działa 1 godzinę/H,Dotyk,"Usuwa ślady Kanciarza, oraz jednej dodatkowej osoby za każdy poziom Hexslingin'. Przy wyciągnięciu Asa chroni to przed znalezieniem za pomocą zmysłu wzroku, przy parze zapachu. Przy dwóch parach tworzy fałszywy trop. HOUSE RULE: przy rękach wyższych niż dwie pary jest szansa, że nie uda się wytropić Kanciarza nawet za pomocą Czarnej Magii (decyzja Szeryfa). Ghost Trail czasami pozwala nawet ukryć się przed Kantem Bloodhound (osoba tropiąca przy użyciu Bloodhound rzuca test sporny Hexslingin' przeciw osobie rzucającej Ghost Trail, Bloodhound działa tylko jeśli test sporny jest wygrany).",,,,,,,,,,,
Podstawka,Graveyard Mists,Cmentarne Mgły,Wiedza,As,2,Działa 10 minut/H,Zasięg 5 jardów/H,"Tworzy gęstą mgłę o promieniu do 40 jardów na poziom Hexslingin', i wysokości do 30 stóp. Wszystkie testy Cognition w obrębie mgły (nie tylko oparte o wzrok!) otrzymują karę -2, a maksymalna widoczność zależna jest od pociągniętej ręki.",20 y,10 y,10 y,10 ft,5 ft,2 ft,1 ft,Kara -3,Kara -4,Kara -5,Kara -6
Metal Mage,Grenade,Granat,Wiedza,Para,2,Działa natychmiast,Na siebie,"Tworzy pocisk wypełniony ładunkami wybuchowymi, którym można rzucić. Tak, jak dynamitem (przyrost zasięgu wynosi 5, podobnie Burst Radius). Granat zostaje zdetonowany przy uderzeniu w dowolną powierzchnię (nawet jeśli się go upuści).",-,K6 Tchu,2k4,2k6,3k8,4k8,5k10,6k10,7k10,7k12,7k20
Shootist,Hale 'n' Hearty,Jak Nowy,Spryt,As,2,Działa 1 minutę/H,Zasięg 1 jard/H,"Działa dokładnie tak samo jak Snake Oil, ale nie tworzy iluzji, że cel nie jest ranny. Inne efekty (pomijając czas rzucania i zasięg) są identyczne.",Ignoruje modyfikatory z 1 poziomu ran.,,Ignoruje 3 poziomy modyfikatorów.,Ignoruje 4 poziomy modyfikatorów.,Całkowicie ignoruje modyfikatory z ran.,,,,,,
Podstawka,Hard Water,Ciężka Woda,Duch,As,2,Koncentracja,Zasięg 5 jardów/H,"Ten Kant powoduje zgęstnienie wody. Na Parze woda staje się jak gdyby lepka – testy Swimmin' zapobiegające tonięciu nie są potrzebne, ale osoba znajdująca się pod wodą w momencie rzucania musi zdać test Swimmin' (PT 5) aby wypłynąć na powierzchnię. Wszystkie statki płyną o połowę wolniej.",,,,,,,,,,,
Metal Mage,Haywire,Zwarcie,Spryt,Para,1,Działa 1 minutę/H,Zasięg 20 jardów/H,"Kant wymusza natychmiastowy test Niezawodności szalonego wynalazku, a na wyższych rękach automatyczną Usterkę. Kant nie działa na normalne maszyny ani na eliksiry.",,,Test Niezawodności +4;,Drobna Usterka;,Większa Usterka;,,Katastrofa!,,,,
Hexarcana,Hell's Bargain,Piekielna okazja,Duch,As,1,Działa natychmiast,5 jardów/H,"Kant musi być rzucony na ciało kogoś, kto zginął w ciągu ostatniej rundy. Zwiększa on szansę na Wygrzebanie się celu. Ciągnie on dodatkowe karty (w liczbie zależnej od wyciągniętej przez Kanciarza ręki) w celu ustalenia, czy się Wygrzebał. Jeśli jednak NIE wygrzebie się, ciągnie tę samą, dodatkową liczbę kart jeszcze raz. Jeśli tym razem jedną z kart będzie Joker, cel Kanta staje się Walkin' Deadem. Odróżnienie Walkin' Deada od Wygrzebańca nie jest łatwą sprawą, nawet dla Kanciarza rzucającego Hell's Bargain.",1,3,4,5,7,11,13,17,31,23,27
Hexarcana,Hell's Fury,Piekielna furia,Duch,Para,1,2 Tchu/rundę,Na siebie,"Kant otacza rzucającego płomieniami. Choć ogień wychodzi bezpośrednio z ciała Kanciarza, nie robi żadnej krzywdy ani jemu, ani niczemu/nikomu kogo mógłby on dotknąć. Natomiast jeśli KTOŚ dotknie (z własnej woli) Kanciarza, otrzymuje obrażenia zależne od pociągniętej ręki. Co więcej, jeśli otrzyma minimum jedną ranę, zaczyna płonąć, otrzymując 2k8 obrażeń na turę.",-,1k6,2k6,3k6,4k6,5k8,6k8,7k8,8k10,9k10,10k12
Podstawka,Helpin' Hand,Pomocna Dłoń,Spryt,As,10 minut,Dziala stale,Zasięg 1 jard,"Pozwala Kanciarzowi wyleczyć kogoś (ale nie siebie!). Udane rzucenie zmniejsza poziom ran we wszystkich lokacjach o 1. Nie można w ten sposób przywrócić utraconych kończyn ani leczyć Wygrzebańców. Minimalna ręka do tego Kanta zależy od najwyższego poziomu ran celu: dla Tchu As, dla 1 rany Para Figur, dla 2 ran dwie pary, dla 3 ran trójka, dla 4 ran Strit.",Dech,,1 Rana,2 Rany,3 Rany,4 Rany,,,,,
Podstawka,Hex Sense,Wyczucie Kanta,Spostrzegawczość,As,1,Działa 1 rundę/H,Zasięg 25 jardów/H,"Rzucenie tego Kanta pozwala wykrywać nadnaturalne efekty (o ile znajdują się w zasięgu Kanta i polu widzenia). Przy Asie pozwala tylko wykryć ich istnienie. Przy parze możliwe jest określenie typu magii (Relikt, Cud, Kant, Czarna Magia etc.). Dwie pary pozwalają poznać ogólny cel magii (leczenie, pułapka, atak, ukrywanie się). Strit pozwala poznać dokładny efekt magii. Przy Kolorze znany jest pozostały czas trwania.",,,,,,,,,,,
Podstawka,Home Ground,U Siebie,Spostrzegawczość,As,2,Działa 1 godzinę/H,Na siebie,Daje Kanciarzowi wizję obszaru w którym się znajduje. Daje mu to umiejętność Area Knowledge dla danego obszaru na poziomie równym jego umiejętności Hexslingin'.,100 y,500 y,1 mila,2 mile,5 mil,10 mil,20 mil,50 mil,100 mil,200 mil,500 mil
Podstawka,Howl,Wyjec,Duch,As,1,Działa natychmiast,Na siebie,"Kanciarz wydaje z siebie okropny wrzask. Każdy w promieniu 10 jardów musi wykonać test Jaj (PT 7, osoby z Zawadą Bad Ears dostają premię +2 do tego testu). Każdy kto obleje test traci określoną ilość Tchu.",1k4,1k6,1k6,2k6,3k8,4k8,5k10,6k10,7k12,8k12,10k12
Podstawka,Hunch,Przeczucie,Spostrzegawczość,Dwie Pary,10 sekund,Działa natychmiast,Na siebie,"Po dotknięciu osoby, przedmiotu lub miejsca Kanciarz dostaje „przeczucie” związane z przeszłością celu. Im lepsza karta, tym wyraźniejsza, dłuższa i dokładniejsza wizja.",,,,,,,,,,,
Podstawka,Hunger Pangs,Kiszki Marsza...,Duch,As,1,Działa natychmiast,Zasięg 5 jardów/H,"Kanciarz wykonuje sporny test Ducha z ofiarą (dostaje premię za każdą rękę powyżej minimum). Jeśli Kanciarz wygra, ofiara traci różnicę testów w Tchu z powodu głodu. Dech nie może zostać obniżony poniżej 1, ale każda istota której Dech zostanie obniżony do tego poziomu traci zainteresowanie czymkolwiek poza znalezieniem czegoś do jedzenia – często w myśl zasady „cel uświęca środki”. Kant nie działa na Wygrzebańców i Abominacje.",0,2,4,6,8,10,12,14,16,18,20
Podstawka,Hurry Up!,Pośpiech,Spryt,As,1,Działa 1 rundę/H,1 jard,"Zwiększa liczbę jardów, jakie cel może przebyć w turze. Efekt ten jest dodawany PO uwzględnieniu biegania etc, jednak nie trzeba biec, by skorzystać z dodatkowych jardów.
Liczba uzyskanych dodatkowo jardów podana jest w tabeli pod opisami Kantów.
",+4 y,+8 y,+12 y,+16 y,+20y,+24y,+28 y,+32 y,+36 y,+40 y,+50 y
Podstawka,Impostor,Kameleon,Spryt,Para,1,Koncentracja lub 1 Tchu/rundę,Dotyk,"Pozwala znacząco zmienić wygląd Kanciarza by się pod kogoś podszyć. Możliwa jest nawet zmiana płci, jednak nie można znacząco zmienić rozmiaru. Kant daje +5 do testu Disguise, +2 za każdą rękę powyżej minimum.",-,5,7,9,11,13,15,17,19,21,23
Podstawka,Incognito,Incognito,Spryt,As,1,Koncentracja,Dotyk,"Chroni cel zasłoną magii, sprawiającą, że inni ignorują jego istnienie, chyba że zdadzą test Ducha o PT zależnym od ręki. Jeśli cel zwraca na siebie uwagę, wykonuje działania trudne do zignorowania lub jest wskazany innym przez kogoś, kto już go zauważył, każdy kto próbuje przejrzeć Incognito dostaje premię +5 do testu Ducha.",3,5,7,9,11,13,15,17,19,21,23
Metal Mage,Infernal Machine,Piekielna maszyna,Spryt,Dwie Pary,1 minuta,1k4 Tchu/rundę,Dotyk,"Pozwala błyskawicznie (w minutę) skonstruować ze sterty złomu szalony wynalazek (nie da się skonstruować „normalnej” maszyny ani urządzenia, np. zwykłego pistoletu). Utrzymywanie wynalazku, by się nie rozleciał wymaga k4 Tchu w każdej rundzie. Kanciarz nie wie dokładnie jak wynalazek działa, i nie potrafi go skonstruować w przyszłości normalnymi metodami.",,,,"Niewielkie (10%) ulepszenie istniejącej technologii (amunicja przeciwpancerna, karabin snajperski, wyrzutnia noży);","Znaczne (25%) ulepszenie istniejącej technologii (tłumik, 25% szybsza lokomotywa, pompa próżniowa);","Proste, ale innowacyjne zastosowanie istniejącej technologii (piła łańcuchowa, buty rakietowe, miotacz ognia);",,,"Nowa, ale „realistyczna” technologia (jetpack, łódź podwodna, ornitopter);",,Technologia łamiąca prawa nauki (promień kontrolujący umysły).
Podstawka,Interpret,Tłumaczonko,Spostrzegawczość,As,2,Działa 5 minut/H,Na siebie,"Pozwala zrozumieć język, którego Kanciarz nie zna (nie można użyć Kanta by poprawić swoją umiejętność posługiwania się już znanym językiem). As pozwala zrozumieć ogólną intencję mówiącego, Para daje umiejętność Language na poziomie 1, Dwie Pary – na poziomie 2 i tak dalej.",,,,,,,,,,,
Shootist,Iron Fist,Żelazna Pięść,Spryt,As,1,Działa 1 rundę/H,Na siebie,"Zwiększa ilość obrażeń od Tchu zadawanych przy nieuzbrojonej walce wręcz. Minimalna ręka dodaje +3 do zadanego Tchu, każda ręka powyżej minimum kolejne +3.",3,6,9,12,15,18,21,24,27,30,33
Metal Mage,Jerry-Rig,Improwizacja,Spryt,Para,2,Działa minutę/H,Dotyk,"Pozwala prowizorycznie (na czas trwania Kanta) naprawić uszkodzenia pojazdów, maszyn i szalonych wynalazków. Można w ten sposób odzyskać utraconą Niezawodność lub Durability (wybór Kanciarza) maszyn. Pozwala to naprawić zniszczenia, przywrócić sprawność zepsutym mechanizmom, a nawet załatać dziury. W momencie, gdy Kant kończy działanie, wszystko wraca do stanu pierwotnego. Jerry-Rig nigdy nie zwiększy Niezawodności ani Durability powyżej oryginalnego poziomu.",-,"1 Niez.
5 Dur.","2
10","3
15","4
25","6
35","8
45","10
55","12
70","15
85","20
100"
Podstawka,Kentucky Windage,Kule Noszone Przez Boga,Spryt,As,1,Działa 1 rundę/H,Zasięg 1 jard,"Można rzucić ten Kant na siebie lub towarzysza. Sprawia on, że wszystkie jedynki w teście obrażeń zadanych przez broń palną są przerzucane, a za każdą pociągniętą rękę negowane są 2 punkty ujemnych modyfikatorów do Shootin' (ale nie modyfikatory z Siekania). Kant nie daje premii, kasuje tylko kary.",2,4,6,8,10,12,14,16,18,20,22
Shootist,Knife Through Butter,Jak Nóż w Masło,Spostrzegawczość,Para,1,Działa 1 rundę/H,Na siebie,"Kant rzuca się na konkretną spluwę (kiedy skończą się naboje lub Kanciarz straci spluwę, trzeba rzucać Kant od nowa), dając zawartej w niej amunicji Armor Piercing. Minimalna ręka daje AP 1, każde dwie ręce powyżej minimum dają dodatkowe AP 1.",-,1,2,3,4,5,6,7,8,9,10
Podstawka,Lethargy,Stupor,Duch,As,1,Działa 5 minut/H,Zasięg 5 jardów/H,"Zniechęca każdego w zasięgu, kto nie zda testu Ducha o PT zależnym od pociągniętej ręki do jakiegokolwiek działania. Osoby pod wpływem Kanta tracą motywację do podejmowania drastycznych działań. Kant może działać słabiej lub wcale na osoby silnie zdeterminowane lub pod wpływem silnych emocji.",3,5,7,9,11,13,15,17,19,21,23
Shootist,Load'em Up!,Ładuj do Pełna,Spryt,Para,1,Działa natychmiast,Dotyk,"Ładuje broń. Minimalna ręka ładuje 6 pocisków, każda ręka powyżej minimum dodatkowe 6. Aby Kant zadziałał, Kanciarz musi mieć przy sobie wystarczającą liczbę pocisków.
Dokładna liczba załadowanych pocisków podana jest w tabeli pod opisami Kantów.
",-,6,12,18,24,30,36,42,48,54,60
Shootist,Loaded for Bear,Chodzący Arsenał,Spostrzegawczość,As,2,1 Tchu/rundę,Na siebie,"Zwiększa typ kostki obrażeń zadawanych przez daną broń. Na minimalnej ręce zwiększa o 1 typ kostki, każde 2 ręce powyżej tego oznaczają zwiększenie o dodatkowy typ kości obrażeń.",1,1,2,2,3,3,4,4,5,5,6
Podstawka,Long-Winded,Dalekomysł,Spostrzegawczość,As,2,Działa 1 rundę/H,Zasięg 1 mila/H,"Pozwala wysłać telepatyczną wiadomość w zasięgu Kanta. Kanciarz decyduje, do kogo wysyła wiadomość. Jeśli wiadomość nie dojdzie (np. cel nie jest w zasięgu), Kanciarz nie wie o tym.",,,,,,,,,,,
Shootist,Longbarrel Special,Długa Lufa,Spryt,Para,1,1 Tchu/rundę,Dotyk,Zwiększa zasięg broni. Minimalna ręka zwiększa zasięg o 5. Każde dwie ręce powyżej minimum zwiększają go o dodatkowe 5.,-,5,5,10,10,15,15,20,20,25,25
Podstawka,Looking Glass,Lustereczko,Spostrzegawczość,Dwie Pary,2,Działa 1 minutę/H,Zasięg 5 mil/H,"Pozwala spojrzeć w lustro i wyjrzeć z innego lustra w zasięgu. Po pociągnięciu Dwóch Par pozwala tylko patrzeć, przy Trójce również słyszeć dźwięki. Przy Fulu można nawet przejść przez lustro jak przez portal (o ile jest odpowiednio duże – lecz nawet jeśli nie, może np. przełożyć przez nie rękę). Portal działa przez czas działana Kanta. Jeśli lustro zostanie stłuczone w momencie przechodzenia, Kanciarz dostaje 4k8 obrażeń we Flaki.",,,,,,,,,,,
Metal Mage,Mad Insight,Szalone Olśnienie,Duch,As,1,Działa natychmiast,1 jard,"„inspiruje” Szalonego Naukowca przy pomocy Manitou. Pozwala to na wyciągnięcie dodatkowej karty (lub kart) podczas projektowania wynalazku. Jeśli jednak przy rzucaniu Mad Insight przydarzy się Backlash, urządzenie ma Wadę Konstrukcyjną (a co to znaczy, to już wie Szeryf).",1,2,3,4,5,6,7,8,9,10,11
Metal Mage,Magazine,Magazynek,Wiedza,Para,1,1 Tchu/rundę,Zasięg 10 jardów,"Dopóki Kant działa, broń będąca jego celem ma nieograniczoną ilość amunicji (przy każdym wystrzelonym pocisku nowy pojawia się znikąd w pustej komorze). Kiedy Kant skończy się, broń ma dokładnie tyle nabojów, co tuż przed jego rzuceniem. Kant nie wpływa na parametry broni ani jej szybkostrzelność, po prostu sprawia, że można z niej strzelać bez ograniczeń.",,,,,,,,,,,
Metal Mage,Magic Bullet,Magiczny pocisk,Spryt,Para,1,Działa 2 rundy/H,Zasięg 5 jardów,"Przemienia jedną kulę do pistoletu lub karabinu (żadnych innych pocisków) w magiczną kulę. Jeśli kula trafi cel, leci od niego do następnego celu. Zamiast nowego testu Shootin' należy wykonać test Hexslingin' oparty o Smarts (z normalnymi modyfikatorami za odległość etc.). Kula jest traktowana, jakby była wystrzelona od ostatniej trafionej osoby. Jeśli kula chybi któryś kolejny cel, Kant przestaje działać.",-,1,2,3,4,4,5,5,5,5,6
Metal Mage,Magnetize,Magnetyzacja,Duch,As,1,Działa 1 rundę/H,Zasięg 10 jardów/H,"Magnetyzuje 1 metalowy przedmiot o wadze nie większej niż 25 funtów na poziom Kantowania. Inne metalowe przedmioty przywierają do niego i wymagają testu Siły (o PT zależnym od pociągniętej ręki), by dało się je oderwać. Przyciągane są wszystkie przedmioty w odległości (w stopach) mniejszej lub równej niż PT testu Siły. Przedmioty większe niż namagnesowany obiekt nie zbliżają się, za to przyciągają go do siebie!",3,5,7,9,11,13,15,17,19,21,23
Podstawka,Martyr's Mirror,Nie Czyń Drugiemu,Duch,As,1,Działa 2 rundy/H,Na siebie,"Jeśli w trakcie działania Kanta Kanciarz otrzyma obrażenia, zadający mu obrażenia otrzyma tyle samo obrażeń (nie poziomów ran!). Zapobiegnięcie otrzymaniu obrażeń (np. za pomocą Kanta Bodyguard lub Sztonów) sprawia, że nie zostają one również odbite. Obrażenia są magiczne i wywierają efekt nawet na duchy, Abominacje etc. Maksymalna liczba obrażeń, jakie można odbić w jednej rundzie zależy od pociągniętej ręki. Lokacja jest ta sama co obrażeń zadanych Kanciarzowi.",6,12,12,18,30,42,48,60,70,80,100
Podstawka,Mind Tweak,Podkręcenie Umysłowe,Spryt,Para,1,Koncentracja lub 1 Tchu/rundę,Zasięg 5 jardów/H,Zwiększa jedną z Cech Umysłowych celu.,-,+/-1,+/-1,+/-2,+/-3,+/-4,+/-5,+/-6,+/-7,+/-8,+/-10
Podstawka,Mind Twist,Przykręcenie Umysłowe,Spryt,Para,1,Koncentracja lub 1 Tchu/rundę,Zasięg 5 jardów/H,"Zmniejsza jedną z Cech Umysłowych celu. Jeśli cecha spadnie do k4, zmniejsza się liczba kostek w niej, aż do 1k4.",-,+/-1,+/-1,+/-2,+/-3,+/-4,+/-5,+/-6,+/-7,+/-8,+/-10
Podstawka,Mirage,Ułuda,Spryt,Para,2,Koncentracja lub 1 Tchu/rundę,Zasięg 5 jardów/H,"Pozwala stworzyć nieruchomą iluzję nieożywionych przedmiotów (i roślin) na obszarze do 200 stóp kwadratowych na poziom Kantowania. Iluzję można swobodnie przesuwać w obrębie zasięgu Kanta. Iluzja oszuka każdego, chyba że ma dobry powód przypuszczać, że jest ona nieprawdziwa – wtedy przysługuje mu test Cognition (PT 9). Dotknięcie iluzji automatycznie, bez testu, pozwala stwierdzić że jest nieprawdziwa.","Jeden jednolity obiekt (mur, kałuża błota);",,"Jeden bardziej skomplikowany przedmiot (strzelba, martwe drzewo, wagon kolejowy);","Jeden skomplikowany przedmiot (karabin Gatlinga, umeblowany pokój, pojedyncze żywe drzewo) lub więcej prostych przedmiotów;","Wiele dość różnorodnych przedmiotów (w pełni umeblowany pokój, ogród);","Wiele złożonych przedmiotów (budynek, pociąg);",,,,,Bez ograniczeń.
Hexarcana,"Mirror, Mirror",Lustereczko powiedz przecie,Spryt,Dwie Pary,2,1 Tchu/rundę,Zasięg 5 jardów/H,"Jeśli Kanciarz pokona cel w spornym teście Ducha (otrzymuje premię +2 za każdą rękę powyżej minimum), może zamienić się z celem na jedną, wybraną przez siebie cechę na czas trwania Kanta. Kant działa tylko na ludzi i „prawie ludzi” (Wygrzebańców).
Jeśli gracz nie jest pewien, jakie cechy ma oponent, Szeryf może pozwolić na test Smarts (PT 5 dla cech Fizycznych, PT 9 lub więcej dla Umysłowych). W przypadku cech Umysłowych jest to jednak możliwe tylko wtedy, gdy Kanciarz miał dłuższą styczność z daną osobą (trudno zgadnąć wartość cechy Smarts u kogoś, kogo pierwszy raz widzi się na oczy).
Premia dawana Kanciarzowi do spornego testu Ducha podana jest w tabeli pod opisami Kantów.
",,,,,,,,,,,
Podstawka,Missed Me!,Pudło!,Duch,Dwie Pary,1,Koncentracja lub 1 Tchu/rundę,Na siebie,"Sprawia, że atak (nie-obszarowy) wycelowany w Kanciarza zostaje odbity w bok (działa na pociski, Soul Blast czy Black Lightnin' etc.). PT trafienia zwiększa się o 5.",,,,,,,,,,,
Podstawka,Necromancer,Nekromanta,Duch,Dwie Pary,1,Działa 5 rund/H,Zasięg 1 jard,"Jeśli rzucony na osobę zmarłą nie więcej rund temu niż wynosi poziom Hexslingin' Kanciarza, Kant ten przywraca tę osobę do życia – niestety, tylko tymczasowo. Przez czas trwania Kanta osoba ta normalnie żyje, choć nie można jej w żaden sposób leczyć ani powstrzymać jej ponownej – tym razem permanentnej – śmierci.",,,,,,,,,,,
Shootist,New Slugs for Old,Siekierkę na Kijek,Spryt,As,1,Działa stale,Dotyk,"Zmienia pociski w dowolny inny typ pocisków. Efekt Kantu jest trwały. Minimalna ręka zmienia 3 pociski, każda ręka powyżej minimum kolejne 3.",3,6,9,12,15,18,21,24,27,30,33
Podstawka,Nightmare Realm,W Krainie Koszmaru,Duch,As,1,Działa 1 minutę/H,Zasięg 15 jardów/H,"Zwiększa Poziom Strachu w zasięgu Kantu. Przy Asie dodaje 1 PS, przy parze +2, przy parze Waletór +3, przy Dwóch Parach +4, przy Trójce +5. Agencja i Pinkertoni, którzy znajdą Kanciarza rzucającego ten Kant najpierw strzelają, potem zadają pytania. Zawsze.",,,,,,,,,,,
Podstawka,Old-Timer,Matuzalem,Duch,Para,1 dzień,Dziala stale,Na siebie,"Udane rzucenie tego Kanta sprawia, że przez następny rok Kanciarz nie będzie się starzeć (pomijając nadnaturalne efekty). Backlash, poza innymi efektami, powoduje momentalne postarzenie się o rok.",,,,,,,,,,,
Podstawka,Parch,Suszka,Duch,As,1,Działa natychmiast,Zasięg 15 jardów/H,"Powoduje odwodnienie jednego celu (utrata Tchu, który można odzyskać w tempie ok. 1k6 Tchu na kwartę wody – można tyle wypić mniej więcej co godzinę). Efektem ubocznym Kanta jest wysychanie i umieranie roślin w zasięgu Kanta.","1, trawa;",,,"1k6, kukurydza;","2k6, krzaki;","4k6, młode drzewka;","5k6, drzewa;",,"7k6, kaktusy;",,"10k6, wszystko."
Podstawka,Pardners,Kumple,Wiedza,Para Figur,1,Działa natychmiast,Zasięg 3 jardy,"Kant Pardners rzuca się tuż przed rzuceniem innego Kanta przez grupę Kanciarzy. Wszyscy (wliczając rzucającego Pardners) muszą znać rzucany Kant (ale nie muszą znać Pardners). Każda karta wydana na rzucanie Kanta musi też być taka sama (np. walet kier – zwykle wystarczy chowanie kart do rękawa). Kiedy już wszyscy Kanciarze rzucą (jednocześnie) Kant, każdy z nich ciągnie karty normalnie. Kant jest de facto rzucany przez Kanciarza, który rzucił Pardners (jeśli wymaga koncentracji, to tylko od niego, to on decyduje o celu, od jego poziomu Kantowania zależą efekty i tak dalej). Jednak za każdych dwóch innych Kanciarzy, którzy pociągnięli co najmniej minimalną rękę, ręka głównego rzucającego jest zwiększana o poziom (o ile Kant mu wyszedł). Na przykład jeśli główny rzucający pociągnie dwie pary, a dwóch wspierających go Kanciarzy ma minimum minimalną rękę do danego Kanta, to Kant jest rzucany tak, jakby główny rzucający pociągnął trójkę.
Jeśli jeden z rzucających Kant będzie miał backlash, będą go mieli wszyscy rzucający. Backlash w samym Pardners nie szkodzi „pomocnikom” głównego rzucającego.",,,,,,,,,,,
Podstawka,Penetratin' Gaze,Przejrzenie,Spostrzegawczość,As,1,Koncentracja lub 1 Tchu/rundę,Zasięg 25 jardów/H,"Pozwala widzieć przez ciemność, mgłę, a na wyższych poziomach także przez materialne obiekty. Likwiduje to kary do testów Cognition, kary do Shootin' z osłony i tak dalej.",Ciemność;,,"Dym, mętną wodę;","Grube tkaniny (zasłony, skórzany płaszcz), magiczne iluzje;",Dwa cale drewna;,Cal metalu;,3 cale metalu;,,,,Gruba blacha ze stali upiorytowej.
Podstawka,Penny Ante,Małe Stawki,Spryt,As,1,Działa 1 rundę,Zasięg 5 jardów/H,"Zmniejsza PT dowolnego testu (uwaga: nie likwiduje modyfikatorów, wpływa tylko na bazowy PT). PT spada o 2, plus 2 za każdą rękę poniżej minimum, oraz nie może być nigdy zmniejszony poniżej 3.",-2,-4,-6,-8,-10,-12,-14,-16,-18,-20,-22
Podstawka,Phantasm,Fantasmagoria,Spryt,As,1,Działa natychmiast,Zasięg 5 jardów/H,"Ofiara Kantu doznaje przerażającej wizji (której nie widzi nikt poza nią), pochodzącej z jej najstraszniejszych koszmarów. Ofiara musi rzucić na Jaja przeciw Terrorowi zależnemu od pociągniętej ręki, lub grozi jej normalny efekt oblanego testu Terroru. Wygrzebańcy mają -2 do swojego testu Jaj.",3,5,7,9,11,13,15,17,19,21,23
Podstawka,Phantom Fingers,Niewidzialna Ręka,Duch,As,1,1 Tchu/rundę,Zasięg 5 jardów/H,"Pozwala manipulować na odległość przedmiotem, o ciężarze zależnym od pociągniętej ręki. Pozwala to dość swobodnie poruszać przedmiotami o ciężarze właściwym dla danej ręki, lub lekko popchnąć przedmioty o ciężarze do dwóch rąk większym. Jeśli Kanciarz próbuje wyrwać coś komuś z ręki, musi wykonać sporny test Ducha przeciw Sile trzymającego przedmiot (Kanciarz dostaje +2 za każdą rękę powyżej wymaganego minimum).",Piłka baseballowa;,,"Strzelba, karabin;",Karabin Gatlinga;,Człowiek;,Żelazny sejf;,Dyliżans;,,Naładowany wagon pociągu;,,Załadowany pociąg.
Podstawka,Playin' Possum,Zdechł Pies,Spryt,As,1,Działa 10 minut/H,Dotyk,"Ten Kant można rzucić na siebie lub inną osobę. Na ciele celu pojawia się iluzoryczna śmiertelna rana (zwykle pasująca wyglądem do ostatnio otrzymanych obrażeń). Dopóki cel pozostaje nieruchomy, wygląda jak martwy. Każdy kto próbuje przejrzeć tę maskaradę musi wykonać sporny test Medycyny przeciw Sprytowi Kanciarza (Kanciarz otrzymuje premię +2 za każdą rękę powyżej minimum). Kant można zakończyć w dowolnym momencie.",,,,,,,,,,,
Podstawka,Poltergeist,Poltergeist,Duch,As,1,Działa natychmiast,Zasięg 10 jardów/H,"W zasięgu Kanta pojawia się wir energii, porywający wszystkie przedmioty do określonej wagi (zależnej od pociągniętej ręki). Przedmioty wirują po pomieszczeniu, wszystkie delikatne przedmioty zostają zniszczone. Każdy kto znajduje się w zasięgu wiru otrzymuje Brawlin' damage zależny od najcięższych przedmiotów unoszących się w powietrzu:","Szklanki do whisky, sztućce, 1k6;",,"Duże książki, 3k6;","Dachówki, 5k6;","Lekkie meble, 5k8;","Półki z książkami, biurka, 6k8;","Duże kamienie, 8k8;",,,,
Metal Mage,Power Leak,Wyciek mocy,Spryt,As,1,Działa 2 rundy/H,Zasięg 5 jardów/H,"Zmniejsza ilość energii pochodzącą ze źródła energii (dotyczy to mechanizmów napędowych, bojlerów upiorytowych, prochu – również w nabojach – dynamitu etc.). Efekt jest procentowy, zależny od pociągniętej ręki i od maszyny na jaką go rzucono:
przy pojazdach zmniejsza ich prędkość;
przy broni automatycznej redukuje szybkostrzelność;
przy ładunkach wybuchowych zmniejsza ilość zadawanych obrażeń.
Redukcję parametrów należy zaokrąglać w dół: na przykład, jeśli energia dynamitu została zmniejszona za pomocą Power Leak o 20%, a w teście obrażeń wypadło 23, to obrażenia zostaną zmniejszone o 4.
Kant nie działa na chemikalia, których celem nie jest dostarczanie energii (np. nie zmniejszy obrażeń od kwasu, ale zmniejszy reaktywność kwasu w ogniwie galwanicznym!).
Kant nie wpływa na wydajność magicznych efektów – z wyjątkiem Power Surge, który (częściowo lub całkowicie) kasuje.","10%
-1","20%
-2","30%
-3","40%
-4","50%
-5","60%
-6","70%
-7","80%
-8","90%
-9","100%
-10","100%
-10"
Podstawka,Power Struggle,Próba mocy,Duch,Para Figur,1,1 Tchu/rundę,Zasięg 5 jardów/H,"Rzucony na Wygrzebańca, Kant rozwściecza Manitou i wymusza natychmiastową walkę o Dominację miedzy Manitou a Wygrzebańcem. Dopóki Kant działa, na każdej Akcji Wygrzebaniec musi wykonać sporny test Ducha z Manitou, tak jak przy normalnej walce o Dominację. Wygrzebaniec może działać normalnie tylko na tych Akcjach, na których wygrywa ten sporny test (przegrany test oznacza po prostu, że poświęca całą siłę woli walce umysłów z demonem). Ponadto, po każdym teście zwycięzca (Manitou lub Wygrzebaniec) zdobywa 1 punkt Dominacji za każde uzyskane przebicie.",-,-,0,1,2,3,4,5,6,7,8
Metal Mage,Power Surge,Przypływ mocy,Spryt,As,1,Działa 2 rundy/H,Zasięg 5 jardów/H,"Zwiększa ilość energii pochodzącą ze źródła energii (dotyczy to mechanizmów napędowych, bojlerów upiorytowych, prochu – również w nabojach – dynamitu etc.). Efekt jest procentowy, zależny od pociągniętej ręki i od maszyny na jaką go rzucono:
przy pojazdach zwiększa ich prędkość;
przy broni automatycznej podnosi szybkostrzelność;
przy ładunkach wybuchowych zwiększa ilość zadawanych obrażeń.
Zwiększenie parametrów należy zaokrąglać w dół: na przykład, jeśli energia dynamitu została zwiększonma za pomocą Power Leak o 20%, a w teście obrażeń wypadło 23, to obrażenia zostaną zwiększone o 4.
Kant nie działa na chemikalia, których celem nie jest dostarczanie energii (np. nie zwiększy obrażeń od kwasu, ale zwiększy reaktywność kwasu w ogniwie galwanicznym!).
Kant nie wpływa na wydajność magicznych efektów – z wyjątkiem Power Leak, który (częściowo lub całkowicie) kasuje.","10%
-1","20%
-2","30%
-3","40%
-4","50%
-5","60%
-6","70%
-7","80%
-8","90%
-9","100%
-10","100%
-10"
Podstawka,Private Eye,Przewidzenie,Spostrzegawczość,Para,1,Koncentracja lub 1 Tchu/rundę,Zasięg 1 mila/H,"Kanciarz może widzieć oczami osoby (nie Abominacji), którą widzi lub jeśli trzyma w ręku przedmiot dotknięty przez cel w ciągu ostatniego tygodnia. Jeśli cel rzuci test Ducha (PT 7), może co rundę próbować „wyrzucić” Kanciarza ze swojej głowy (sporny test Ducha przeciw Kantowaniu).",,,,,,,,,,,
Podstawka,Quicksand,Ruchome Piaski,Wiedza,Para,2,Dziala stale,Zasięg 10 jardów/H,"Tworzy ruchome piaski (działa tylko w naturalnym otoczeniu i nie wpływa na litą skałę) o promieniu do 5 jardów na poziom Kantowania. Każdy kto znajdzie się na obszarze piasku zwalnia o ¼, chyba że głębokość piasku przekracza jego wzrost. Wtedy musi wykonywać co turę test Swimmin' (PT 7). Oblany test oznacza utratę 2 Tchu za każdy brakujący do zdania testu punkt.",-,3 ft,5 ft,7 ft,10 ft,15 ft,20 ft,25 ft,30 ft,40 ft,50 ft
Podstawka,Rainmaker,Deszczowiec,Wiedza,As,10 minut,Działa 1 godzinę/H,Zasięg 1 mila/H,"Pogarsza pogodę w obszarze działania Kanta o 1 poziom za każdą pociągniętą rękę, według skali podanej niżej. Kanciarz nie ma żadnej kontroli nad pogodą, i nie może spowodować efektu słabszego niż spowodowany wyciągniętą ręką. Jeśli końcowa pogoda to co najmniej Burza, może trwać krócej lub dłużej niż normalne działanie Kanta (decyzja Szeryfa).",,,,,,,,,,,
Podstawka,Raisin' the Pot!,Podbijanie Bębenka,Spryt,Para,Zwiewanie!,Chwilowo,Zasięg 5 jardów/H,"Rzucony natychmiast po udanym teście (swoim lub towarzysza), zwiększa liczbę uzyskanych Przebić. Kanta tego MOŻNA używać do wzmocnienia innych Kantów (każde Przebicie to jedna dodatkowa karta). Backlash oznacza, poza normalnymi efektami, wzmacniany test kończy się automatycznym niepowodzeniem.
Liczba dodatkowych Przebić zależy od pociągniętej ręki, i podana jest w tabeli pod opisami Kantów.
",-,1,2,3,4,5,6,7,8,9,10
Podstawka,Rapid Fire,Szybki Lopez,Wiedza,As,1,Działa 1 rundę/H,Zasięg 5 jardów/H,"Zwiększa szybkostrzelność broni oraz zmniejsza Niezawodność o tę samą liczbę. Jeśli Szybkostrzelność wzrośnie do 3 lub więcej, dla broni należy stosować reguły broni automatycznej (wliczając w to odrzut, jeśli broń wystrzeli więcej niż jedną serię na Akcję).",1,2,2,3,4,5,6,7,8,9,10
Metal Mage,Razor Coils,Cewki brzytwy,Wiedza,Para,1,Działa 1 rundę/H,Zasięg 5 jardów/H,"Tworzy pętle zardzewiałego drutu kolczastego owijające sie wokół ofiary. Wyrwanie się z nich wymaga zdania testu Nimbleness o PT zależnym od pociągniętej ręki (można próbować na każdej kolejnej Akcji chyba, że ma się Niefart – wtedy nie można się wydostać do końca trwania Kanta). Oblany test wiąże się z utratą 1 Tchu za każdy punkt, którego brakowało do zdania testu. Zdany test oznacza utratę 1k6 Tchu, ale Kant kończy działanie.",-,3,5,7,9,11,13,15,17,19,21
Podstawka,Reanimate,Renimacja,Spryt,As,5 minut,Dziala stale,Zasięg 1 jard,"Leczy martwe ciala (ale nie przywraca do życia!). Kant działa zarówno na zwyczajne zwłoki, jak i na te poruszające się (Walkin' Dead, Wygrzebańcy). Jednorazowe rzucenie zmniejsza poziom rany na jednej lokacji o 1. Do wyleczenia Tchu potrzebny jest As, do jednego poziomu rany Para, do dwóch Para Figur, do trzech Dwie Pary, do czterech Trójka, do pięciu Strit (tak, Kant przywraca urwane kończyny – niestety, nie działa na 5 ran otrzymanych w głowę).",,,,,,,,,,,
Metal Mage,Reflect,Odbicie,Duch,As,Zwiewanie!,Działa natychmiast,Na siebie,"Tworzy niematerialny „lustro” przypominające kawałek metalu przed Kanciarzem. To „lustro” odbija nie tylko światło, ale również niektóre efekty magiczne (Kanty, moce Wygrzebańcze, czarną magię), które wymagają trafienia celu. Reflect działa np. na Soul Blast albo Black Lightning. Jeśli Kant wyjdzie, rzucający odbity czar zostaje nim trafiony tak, jakby sam był jego celem.",1,2,3,4,5,6,7,8,9,10,11
Metal Mage,Reverse Engineer,Inżynieria wsteczna,Spostrzegawczość,As,specjalne,Czas działania specjalny,Dotyk,"Kant działa tak samo jak Analyse, ale dotyczy nie eliksirów alchemicznych, ale wynalazków Szalonej Nauki. Wszystkie inne efekty są identyczne.",,,,,,,,,,,
Metal Mage,Ride the Rails,Na szynach,Spryt,As,1 minuta,Czas działania specjalny,Na siebie,"Aby rzucić ten Kant, czarownik musi dotykać szyny kolejowej. Udane rzucenie sprawia, że zaczyna się poruszać z ogromną prędkością wzdłuż torów, a przebyciu ok. 50 stóp całkowicie znika i przesuwa się wzdłuż szyny w niematerialnej postaci. Kant ten pozwala podróżować na duże odległości, przy czym maksymalny dystans podróży i jej czas zależy od pociągniętej ręki. Za każdą rękę istnieje szansa 2%, że tory są przerwane – Kanciarz materializuje się w miejscu, gdzie szyna się kończy, upadając dość gwałtownie na ziemię i otrzymując 3k6 Tchu.","10 mil
1 minuta","25 mil
5 min","50 mil
10 min","100 mil
20 min","200 mil
30 min","300 mil
40 min","400 mil
50 min","500 mil
1 h","750 mil
2 h","1000 mil
3 h","2000 mil
4 h"
Podstawka,Rust,Rdza,Wiedza,As,1,Dziala stale,Zasięg 20 jardów/H,"Powoduje natychmiastowe zardzewienie przedmiotu o masie do 5 funtów na poziom Kantowania. Wiąże się to z utratą Niezawodności (zdanie testu Tinkerin' o PT 5 pozwala przywrócić 1 punkt Niezawodności na sukces i przebicie, ale tylko raz – każdy odzyskany punkt Niezawodności to godzina pracy nad maszyną).",-1,-2,-3,-4,-5,-8,-10,-12,-14,-16,Dezintegracja
Podstawka,Safecracker,Włam,Wiedza,As,1,Działa natychmiast,Dotyk,"Magicznie rozwiązuje więzy, kajdany i otwiera zamki. Jeśli jedne drzwi lub jedna osoba zamknięte są/skrępowana jest licznymi więzami/zamkami, Kant wpływa na wszystkie. Miminalna ręka to:",Węzły;,,Większość zamków i kłódek;,,Skomplikowane lub nietypowe zamki;,"Magiczne pieczęcie i zamknięcia, w tym efekty Kantu Spirit Coils.",,,,,
Podstawka,Sandman,Piaskowy Dziadek,Duch,As,1,Działa 15 minut/H,Zasięg 5 jardów/H,"Cel Kanta musi natychmiast wykonać test Wigoru (PT zależy od pociągniętej ręki) lub zasnąć. Można taką osobę normalnie obudzić, jednak jeśli tak się nie stanie, cel Kanta śpi do końca jego trwania. Po upływie tego czasu wykonuje kolejny test Wigoru (PT 5), oblanie tego testu oznacza, że ofiara będzie spać przez jeszcze około 8 godzin (choć dalej może być normalnie obudzona). Kant nie działa na Wygrzebańców i stworzenia które nie sypiają.",3,5,7,9,11,13,15,17,19,21,23
Podstawka,Sandstorm,Kurzawa,Wiedza,Para,1,Koncentracja lub 1 Tchu/rundę,Zasięg 25 jardów/H,"Tworzy burzę piaskową o promieniu do 20 jardów na poziom Kantowania. Każdy kto znajduje się w jej obrębie musi co rundę rzucić test Wigoru (PT 5) lub stracić 1 Tchu. Oprócz tego, otrzymuje karę do wszystkich testów (zależną od pociągniętej reki).",-,-2,-3,-4,-5,-6,-7,-8,-9,-10,-11
Metal Mage,Scrap Storm,Burza złomu,Wiedza,Para Figur,2,Koncentracja ORAZ 1k4 Tchu/rundę,Na siebie,"Tworzy cyklon o średnicy około 5 jardów, krążący wokół pustej przestrzeni o promieniu około jarda, w której centrum znajduje się Kanciarz. Cyklon unosi wirujące skrawki ostrego jak brzytwa metalu, krążące dookoła Kanciarza. Tak jak przy Kancie Texas Twister, każdy atak w, z, lub przez cyklon otrzymuje karę -2. Dodatkowo, każdy kto znajduje się w zasięgu cyklonu musi wykonać test Wigoru (PT 9), by w ogóle udała mu się jakakolwiek Akcja (aby zignorować silny wiatr i ostre kawałki metalu wbijające się w skórę).",-,-,1k4 Tchu,2k6,3k6,4k6,4k8,5k8,6k8,6k10,7k12
Podstawka,Sculptor,Rzeźbienie,Wiedza,Para,2,1 Tchu/rundę,Dotyk,"Przez czas działania tego Kanta nawet najtwardsza skała staje się miękka jak glina, i może być kształtowana palcami Kanciarza (można w ten sposób wpłynąć na stopę sześcienną kamienia w każdej rundzie). Po upływie działania Kanta kamień wraca do oryginalnej twardości, ale zachowuje swój kształt – jakkolwiek zmieniony czy wymyślny by on nie był. Kanta tego można używać do tworzenia prostych kamiennych narzędzi, kopania tuneli, a nawet – ewentualnie – wspinaczki.",,,,,,,,,,,
Podstawka,Shadow Man,Człowiek-Widomo,Spryt,Para,1,Koncentracja,Na siebie,"Otacza Kanciarza osłoną cieni, dając mu, na czas koncentracji, premię do Skradania (+5 lub więcej). Koncetracja ta nie przeszkadza w testach Skradania, ale jakakolwiek inna złozona (tj. wymagająca testu) czynność przerywa koncentrację, i działanie Kanta.",-,5,7,9,11,13,15,17,19,21,23
Podstawka,Shadow Walk,Widmowy Jack,Spryt,As,1,Działa natychmiast,Na siebie,"Pozwala wejść w cień całkowicie zakrywający Kanciarza i wyjść z innego, znajdującego się w zasięgu wzroku.",2 y,5 y,5 y,10 y,20 y,50 y,100 y,200 y,500 y,1 mila,Każdy
Metal Mage,Shard,Odłamek,Duch,Para,1,Działa natychmiast,Zasięg 10 jardów/H,Tworzy jeden lub więcej ostrych skrawków metalu i wystrzeliwuje je w jednego lub więcej przeciwników. Po trafieniu metal błyskawicznie rdzewieje i rozpada się w proch.,-,1k4 Tchu,2k6,3k6,4k6,5k8,6k8,7k8,8k10,9k10,10k12
Podstawka,Sheep's Clothing,W Owczej Skórze,Spryt,As,1,Koncentracja,Zasięg 1 jard,"Sprawia, że pojedynczy przedmiot (od Trójki również żywa istota) wygląda jak coś zupełnie innego. Każdy kto chce przejrzeć iluzję musi wykonać sporny test Cognition przeciw Hexslingin' Kanciarza. Iluzja wpływa na wszystkie pięć zmysłów.",,,,,,,,,,,
Metal Mage,Shocker,Szokujący,Duch,As,1,Działa 1 minutę/H,Zasięg 5 jardów/H,"Kant rzuca się na metalowy przedmiot. Pierwsza osoba, która go dotknie otrzyma obrażenia od elektryczności (Dech) oraz msui rzucić test Wigoru (PT 7) by uniknąć Ogłuszenia.",1k4,2k4,2k6,3k6,4k8,5k8,6k10,7k10,7k12,8k12,9k12
Podstawka,Silver-Tongued Devil,Złotousty,Charyzma,Para Figur,1,Działa 1 minutę/H,Na siebie,"Czyni Kanciarza bardziej przekonującym i charyzmatycznym. Kant daje premię do wszystkich testów Perswazji, Blefu i Obśmiewania.",-,-,5,7,9,11,13,15,17,19,21
Podstawka,Siren Song,Syreni Śpiew,Charyzma,As,1,Koncentracja lub 1 Tchu/rundę,Zasięg 10 jardów/H,"Tworzy hipnotyzujący dźwięk, którego źródłem jest Kanciarz (choć koncentrując się, może on przesuwać źródło dźwięku). Każdy w zasięgu dźwięku musi rzucić test Ducha (o PT zależnym od pociągniętej ręki) lub podążać za głosem przez czas trwania Kanta, tracąc zainteresowanie jakimikolwiek innymi działaniami. Jakakolwiek agresja, atak czy obrażenia zadane osobie pod wpływem Kanta przerywają jego działanie.",3,5,7,9,11,13,15,17,19,21,23
Podstawka,Sirocco,Sirocco,Wiedza,Para,2,Działa 1 minutę/H,Zasięg 1 jard,"Przyzywa wiatr wiejący od Kanciarza w kierunku, w którym jest zwrócony (na obszarze około 20 jardów szerokości i 40 jardów długości). Każdy, kto próbuje podejść do Kanciarza musi zdać test Siły (testu można próbować na kazdej Akcji, jeśli się on uda, nie trzeba go już powtarzać w danej rundzie). PT tego testu zależy od prędkości wiatru (i pociągniętej ręki). Niefart w tym teście oznacza przewrócenie się na ziemię – aby wstać, należy zdać test Siły o PT takim samym jak PT testu wymaganego do zbliżenia się do Kanciarza. Pełna tabelka na str. 62 Kanty i Kanciarze",-,3,3,3,4,5,6,7,8,9,10
Podstawka,Skinchange,Zmiennokształtny,Wiedza,Dwie Pary,5 minut,Działa 1 godzinę/H,Na siebie,"Pozwala przybrać formę zwierzęcia (każde zwierzę to osobny Kant – można nauczyć się Skinchange kilkakrotnie). Kant przemienia tylko Kanciarza, nie ubranie i przedmioty osobiste. Przez czas trwania Kanciarz nie może rzucać Kantów ani mówić, ale zachowuje pamięć i umysł sprzed rzucenia Kanta. Możliwe jest przerwanie działania Kanta w dowolnej chwili. UWAGA: jeśli Kanciarz będzie miał Backlash, a mimo to Kant wyjdzie, zapomina on kim jest (również jego umysł staje się na czas trwania Kanta umysłem zwierzęcia). Zwierzęta są na stronie 74 Kanty i Kanciarze",,,,,,,,,,,
Shootist,Skinnin',Ręka Szybsza niż Oko,Spryt,Para,1,1 Tchu/rundę,Na siebie,"Zwiększa szybkość dobywania broni Kanciarza. Minimalna ręka daje +1 do testu Quick Draw, każda ręka powyżej minimum kolejne +1. Kant działa tylko, jeśli Kanciarz ma umiejętność QD.",-,1,2,3,4,5,6,7,8,9,10
Hexarcana,Sleeve Card,Karta z Rękawa,Spryt,As,1,Działa 1 rundę/H,Na siebie,"Przez czas działania Kanta rzucający ma możliwość „oszukiwania” praw rządzących czasem. W każdej rundzie walki, natychmiast po rzucie za Quickness, ma prawo odrzucić kartę i pociągnąć następną. Może to powtarzać, przy odpowiednio dobrej ręce, więcej niż raz. Nie musi jednak korzystać z tej możliwości, jeśli nie chce. Przy każdym kolejnym odrzucaniu i dociąganiu karty można odrzucać tę samą lub inną kartę – wybór gracza.",1,2,2,2,3,4,5,6,7,8,9
Metal Mage,Sliverspray,Odprysk,Wiedza,Para Figur,1,Działa natychmiast,Zasięg 1 jard/H,"Wystrzeliwuje z dłoni Kanciarza wachlarz ostrych, niewielkich pocisków ostrego metalu. Każdy, kto znajduje się w zasięgu działania Kanta (wachlarz o długości równej zasięgowi i połowie jego szerokości) otrzymuje pełne obrażenia od Kanta. Obrażenia liczone są jak przy eksplozji (lokacja każdej rany losowana jest osobno). Jeśli wylosowana część ciała jest chroniona przez osłonę, nie otrzymuje ran. Zbroja działa tak samo jak przy eksplozjach (czytaj: zwykle nie działa WCALE).",-,-,2k4,3k4,4k4,5k6,6k6,7k6,8k6,9k6,10k8
Podstawka,Snake Oil,Placebo,Spryt,As,1,Działa 1 minutę/H,Zasięg 1 jard,"Tworzy iluzję (działającą nawet jeśli cel wie, że jest pod wpływem Kanta), wpływającą na wszystkie zmysły, przekonującą cel Kanta że nie jest ranny. Pozwala mu to ignorować modyfikatory z ran (choć rany dalej tam są, traci on Dech, musi rzucać za Ogłuszenie i tak dalej). Jeśli modyfikator z ran jest obniżony do zera, cel Kanta nawet NIE WIE, że jest ranny.",Ignoruje modyfikatory z 1 poziomu ran.,,Ignoruje 3 poziomy modyfikatorów.,Ignoruje 4 poziomy modyfikatorów.,Całkowicie ignoruje modyfikatory z ran.,,,,,,
Podstawka,Soul Blast,Przyduszenie,Duch,As,1,Działa natychmiast,Zasięg 50 jardów/H,"Z palców Kanciarza wypływa strumień duchowej energii. Energia przechodzi przez materialne obiekty, działa tylko na żywe istoty (i undeadów), zadając im obrażenia. Test Kantowania jest jednocześnie testem trafienia. Soul Blast nigdy nie ma modyfikatorów z odległości, choć modyfikatory za celowanie, osłonę etc. dalej są liczone. Soul Blast może (decyzja Szeryfa) działać na duchy i inne istoty niematerialne. UWAGA: wyciągnięcie Dead Man's Hand przy Soul Blast oznacza instakill, zawsze.",0 / 1k4 T.,1k6 T.,3k6,4k8,5k8,6k8,7k10,8k10,9k10,10k12,10k20
Podstawka,Soul Burst,Duszności,Duch,Para,2,Działa natychmiast,Zasięg 25 jardów/H,"Działa podobnie jak Soul Blast, ale tworzy wybuchającą kulę duchowej energii, eksplodującą w wybranym przez Kanciarza miejscu. Zadaje ona wtedy obrażenia (jak przy eksplozji – każda rana jest losowana osobno) wszystkim w promieniu 1 jarda na poziom Kantowania.",-,1k4 Tchu,2k4,3k6,4k8,5k8,5k10,6k10,6k12,7k12,8k12
Podstawka,Spirit Coils,Więź Duchowa,Duch,As,1,Działa 2 rundy/H,Zasięg 5 jardów/H,Tworzy niewidzialne więzy krępujące cel. Raz na każdą rundę (nie Akcję!) ma on prawo do testu Siły (PT zależny od pociągniętej ręki). Niefart w teście oznacza niemożność uwolnienia się do końca trwania Kanta.,3,5,7,9,11,13,15,17,19,21,23
Podstawka,Spiritual Disfavor,Nieprzychylność Duchów,Duch,Para,Zwiewanie!,Działa natychmiast,Zasięg 5 jardów/H,"Rzucony w momencie, gdy Indiański Szaman prosi o Przysługę, zwiększa jej koszt w Punktach Obłaskawienia.",-,1,2,3,4,5,6,7,8,9,10
Hexarcana,Stayin' Put,Pozostań na Miejscu,,Para,1,Koncentracja lub 1 Tchu/rundę,Na siebie,"Kanciarz pod wpływem Stayin' Put jest praktycznie nie do ruszenia z miejsca. Za kazdym razem, gdy ktoś próbuje go przesunąć/popchnąć/przewrócić (lub np. gdy trzyma się gałęzi czy krawędzi klifu, by nie spaść), otrzymuje on premię +5 do wszystkich testów Siły, by temu zapobiec (oraz dodatkowo +2 za każdą rękę powyżej minimalnej). Dodatkowo, na czas działania Kanta otrzymuje premię +2 do wszystkich testów Guts oraz Przewagę „Nerves o' Steel” (innymi słowy, po oblanym teście Jaj może zdecydować się nie uciekać). W zamian jego Tempo spada o 2.",-,5,7,9,11,13,15,17,19,21,23
Metal Mage,Steganogram,Steganogram,Wiedza,As,2,Działa 5 dni/H,Dotyk,"Po użyciu ukrywa wiadomość napisaną przez Kanciarza tak, że wygląda jak coś zupełnie innego – i mało kto jest w stanie nawet zauważyć, że w tekście zakodowano jakąkolwiek sekretną wiadomość. Kanciarz może wymienić (np. z imienia) adresatów wiadomości – w liczbie jednego na poziom Kantowania. Te osoby nie mają żadnych trudności z odczytaniem wiadomości.","7, 11","9, 13","11, 15","13, 17","15, 19","17, 21","19, 23","21, 25","23, 27","25, 29","27, 31"
Podstawka,Swamp Gas,Gaz Bagienny,Wiedza,As,1,Działa 1 rundę/H,Zasięg 25 jardów/H,"Wyzwala paskudnie pachnący gaz o zasięgu sfery o promieniu 5 jardów na poziom Kantowania. Daje to karę -6 do wszystkich testów Cognition opartych o węch, jak również karę do wszystkich testów (zależną od pociągniętej ręki). Jeśli gaz zostanie w jakiś sposób podpalony, każdy w obszarze Kanta otrzymuje obrażenia od eksplozji (zależne od pociągniętej ręki).","-1
0 DAM","-2
1k4 T.","-2
1k6","-3
2k4","-3
2k6","-4
3k6","-5
4k6","-5
5k8","-6
6k8","-6
7k10","-8
8k10"
Podstawka,Talisman,Amulet,Wiedza,Trójka,2 dni,Dziala stale,Dotyk,"Tworzy Relikt (tym potężniejszy, im lepsza jest pociągnięta ręka). Warunek: przedmiot z którego tworzy się Relikt musiał brać udział w legendarnym wydarzeniu (decyzja Szeryfa, czy wydarzenie było wystarczająco „legendarne”).",,,,,,,,,,,
Podstawka,Tall Tales,Bujdy i Bajania,Charyzma,Para,1,Koncentracja,Zasięg 5 jardów/H,"Sprawia, że cel Kantu brzmi jakby przesadzał, bredził i opowiadał niestworzone historie, nawet jeśli mówi z sensem. Każdy kto chce zignorować magiczną sugestię, że cel Kanta przesadza musi wykonać test Cognition (PT zależny od pociągniętej ręki). Jeśli Kanciarzowi nie wyjdzie Kant Tall Tales, brzmi jakby nawąchał się oparów upiorytu.",-,3,3,5,7,9,11,13,15,17,19
Podstawka,Temptation,Kuszenie,Duch,Para,1,Działa natychmiast,Zasięg 5 jardów/H,"Po rzuceniu na osobę posiadającą Umiejętność Wiara, Kant stawia jej przed oczami grzeszne, kuszące wizje. Wymusza to test Wiary (o PT zależnym od pociagniętej ręki). Oblany test oznacza utratę 1 punktu Umiejętności Wiara, zdany test daje +2 premii do obrony przed Kantem Temptation w przyszłości.",-,5,5,7,9,11,13,15,17,19,21
Podstawka,Texas Twister,Teksańskie Tornado,Wiedza,Para Figur,2,Koncentracja,Zasięg 20 jardów/H,"Tworzy niewielkie tornado o promieniu około 10 jardów. Każdy kto znajduje się w obrębie tornada musi raz na rundę wykonywać test Wigoru (PT 9) albo nie otrzyma w tej turze żadnych kart. Wszystkie ataki z, w, lub przez tornado otrzymują karę -2. Kant można rzucić w budynkach. Kanciarz może przesuwać tornado dopóki się koncentruje (ma ono Tempo 20, nie może biegać).",,,,,,,,,,,
Hexarcana,The Demon's Eye,Oko Demona,Spostrzegawczość,As,1,1 Tchu/rundę,Zasięg 10 jardów/H,Rzucenie tego Kanta pozwala Kanciarzowi widzieć przebłyski najbliższej przyszłości. Dzięki temu gracz poznaje Karty Akcji posiadane przez przeciwników.,1,2,3,3,4,6,8,10,All,All,All
Podstawka,Thunderclap!,Gromowładny,Wiedza,Para,2,Działa natychmiast,Zasięg 25 jardów/H,"Wyzwala potężny grzmot, wymuszający test Wigoru (PT zależny od pociągniętej ręki). Każdy kto obleje test traci słuch na 2k10 rund i musi próbować testu Wigoru (cały czas ten sam PT) na każdej Akcji, tak jak przy Ogłuszeniu. Każdy kto zda test traci słuch na 1k6 rund.
Każdy, kto ma Zawadę Bad Ears dostaje premię do testów Wigoru równą wartości Zawady.
Dokładne PT testów Wigoru podane są w tabeli pod opisami Kantów.
",3,5,7,9,11,13,15,17,19,21,23
Podstawka,Timeslip,Poślizg w Czasie,Spryt,Para,1,Czas działania specjalny,Na siebie,"Kanciarz znika na wybrany przez siebie czas. Przez czas działania Kanta po prostu nie istnieje – nie może wykonywać żadnych Akcji, Kantować, być w żaden sposób wykryty ani znaleziony (nawet magicznie). Kiedy mija czas działania Kanta, Kanciarz pojawia się dokładnie w tym miejscu w którym stał w momencie jego rzucania (jeśli to miejsce zajmuje już jakiś obiekt, Kanciarz pojawia się tak blisko jak to tylko możliwe, rzucając za Wigor na PT 7 by uniknąć Ogłuszenia).",-,-,Runda,2 rundy,5 rund,1 min.,10 min.,1 h,Dzień,Tydzień,Rok
Podstawka,Touch o' Death,Oddech Śmierci,Duch,Dwie Pary,1,Działa natychmiast,Dotyk,"Dotknięta ofiara Kanta (aby dotknąć kogoś kto sobie tego nie życyz, należy zdać test Fightin': Brawlin') wykonuje rzut za Wigor o PT zależnym od pociągniętej ręki (minimum 7). Przy zdanym teście traci 3k6 Tchu. Oblany test oznacza zawał serca. Kanty i Kanciarze str. 50",-,-,-,-,9,11,13,15,17,19,21
Metal Mage,Transcribe,Transkrypcja,Duch,Para,2,Działa 5 minut/H,Zasięg 5 stóp/H,"Jeśli ten Kant zostanie rzucony na papier i narzędzie do pisania, na powierzchni papieru będzie pojawiać się każde słowo wypowiedziane podczas trwania Kanta w zasięgu jego działania. Taka „transkrypcja” zapisuje wszystko w sposób dokładny i wierny, używając różnych „charakterów” pisma dla różnych mówiących. Słowa z języków nieznanych Kanciarzowi zapisywane są fonetycznie.",,,,,,,,,,,
Podstawka,Trinkets,Duperele,Wiedza,As,2,Działa 1 rundę/H,Dotyk,"Pozwala sięgnąć do kieszeni, torby etc. i wyciągnąć z niej nieduży przedmiot. Istnieje on tylko przez czas trwania Kanta, ale poza tym można go normaline używać (np. wyciągnięta broń jest zwykle już naładowana). Na Asie można wyciągnąć proste przedmioty typu zapałka lub moneta jednocentowa. Na Parze niewielkie przedmioty typu szalik/pas materiału, losowo wybrana karta do gry, dziesięcicentówka. Na Parze Waletów przedmiot może być nieco większy i/lub bardziej skomplikowany (derringer, nóż, dwudziestopięciocentówka). Na Dwóch Parach można wyciągnąć przedmioty typu rewolwer, srebrna dolarówka czy konkretna karta do gry.",,,,,,,,,,,
Podstawka,Truth Sayer,Prawdomówca,Spostrzegawczość,As,1,Działa 2 rundy/H,Zasięg 10 stóp,"Sprawia, że Kanciarz natychmiast rozpoznaje kłamstwa, przesadę, oszustwa (niepotrzebny jest żaden test) u swoich rozmówców. Kanciarz nie wie jaka jest prawdziwa wersja zdarzeń, nie rozpozna też mylącej wypowiedzi, która „technicznie rzecz biorąc” jest prawdziwa. Może jednak bez pudla rozpoznać każde zdanie, w którym mówiący mija się z prawdą.",,,,,,,,,,,
Metal Mage,Tweak,Poprawka,Duch,Para,1,Koncentracja lub 1 Tchu/rundę,Dotyk,"Rzucenie tego Kanta zwiększa Niezawodność szalonego wynalazku (Kant nie działa na „normalne” przedmioty i urządzenia). Minimalna ręka zwiększa Niezawodność o 2, każda ręka powyżej minimum o dodatkowe 1. Dodatkowo, wyciągnięcie co najmniej Trójki sprawia, że jeśli zdarzy się Usterka, należy rzucić dwa razy w celu ustalenia jak bardzo jest ona poważna i wybrać korzystniejszy wynik.",-,2,3,4,5,6,7,8,9,10,11
Podstawka,Two of a Kind,Parka,Spryt,Dwie Pary,1,Działa natychmiast,Zasięg różny,"Pozwala skopiować Kant rzucony wcześniej w tej samej rundzie, pod warunkiem że rzucono go w odległości nie przekraczającej 5 jardów na poziom Kantowania. Oryginalny Kant musi wyjść by dało się go skopiować. Skopiowany Kant działa tak, jakby rzucono go na ORYGINALNEJ ręce (czyli skopiowanie Kanta, przy którym Kantujący wyciągnął Strita również liczy się jako Kant na Stricie), choć wszystkie parametry Kanta zależne od cech i umiejętności Kanciarza zależne są od tych parametrów u rzucającego Two of a Kind (na przykład, jeśli Kanciarz z Kantowaniem 5 rzuci Soul Blast i wyciągnie Fula, a inny Kanciarz z Kantowaniem 3 skopiuje go, to skopiowany Kant zadaje obrażenia jak przy Fulu, ale ma zasięg jak przy Kantowaniu 3 – 150 jardów, nie 250 jak przy oryginalnym Kancie).",,,,,,,,,,,
Metal Mage,Upgrade,Ulepszenie,Spryt,-,2,Działa 1 rundę/H,Dotyk,"Rzucenie tego Kanta pozwala tymczasowo zmodyfikować szalony wynalazek (Kant nie działa na zwykłe maszyny i urządzenia), „ulepszając” go (np. pistolet Gatlinga do shotguna Gatlinga, eliksir leczniczy do eliksiru wskrzeszającego). Pozwala to ulepszyć wynalazek tak, jakby ręka potrzebna do jego zaprojektowania była o poziom wyższa.
Ręka potrzebna do działania Kanta jest o 2 niższa niż ręka, do jakiej Kanciarz chce „upgrade-ować” wynalazek. Na przykład, by ulepszyć maszynę z Trójki do Strita, Kanciarz potrzebuje co najmniej Dwóch Par. Dokładne efekty „ugrade-owania” zależą od opisu podanego przez gracza i od decyzji Szeryfa.
Efektem ubocznym Kanta jest to, że maszyna ma Niezawodność równą 10, plus dwa za każdą rękę powyżej minimalnej (lub oryginalną Niezawodność danego wynalazku, jeśli jest ona niższa). Można zwiększać tę Niezawodność (np. Kantem „Tweak”), ale żaden wynalazek poddany działaniu Kanta Upgrage nigdy nie będzie miał Niezawodności większej niż 16.
Rzucenie Kanta wymaga pomocy manitou, tak więc nie umożliwia Kanciarzowi „normalnej” konstrukcji wynalazków podobnych do właśnie stworzonego, nawet jeśli jest on Szalonym Naukowcem. Jeśli chce stworzyć podobną maszynę, musi stworzyć projekt według normalnych reguł Szalonej Nauki.
",,,,,,,,,,,
Shootist,Vim 'n' Vigor,Odporny na Ból,Spryt,As,1,1 Tchu/rundę,Dotyk,"Cel Kanta ma podwyższony Wigor, ale tylko na potrzeby testów Ogłuszenia i Otrząsania się. Minimalna ręka daje +1 kostkę do testów Wigoru, każda następna kolejną.",1,2,3,4,5,6,7,8,9,10,11
Podstawka,Vittles,Stoliczku Nakryj Się,Wiedza,As,10 minut,Dziala stale,Dotyk,"Tworzy niezbyt smaczny i niezbyt pożywny, ale sycący posiłek dla jednej lub więcej osób. Wyciągnięcie Asa pozwala nakarmić do syta jedną osobę, za każdą następną rękę dwie następne. Jedzenie jest podłe w smaku i nie można się nim odżywiać regularnie – po tylu dniach, ile wynosi poziom Kantowania rzucającego Vittles osoby żywiące się tylko pochodzącym z tego Kanta jedzeniem zaczynają mieć objawy niedożywienia – tracą 1 Tchu dziennie. Każdy tak utracony punkt Tchu jest odzyskany po 1 dniu jedzenia do syta.",1,3,5,7,9,11,13,15,17,19,21
Podstawka,Warnin' Bells,Dzwonek Alarmowy,Spostrzegawczość,As,1,Działa natychmiast,Zasięg 10 jardów/H,"Powoduje przełamanie Zaskoczenia u osób, które nie zdały odpowiedniego testu na początku rundy walki. Osoby na które zadziałał Kant natychmiast rzucają za Quickness, otrzymują Karty Akcji, i mogą normalnie działać przez resztę rundy. Wszystkie otrzymane karty, które już „przeszły” w danej rundzie (czyli wyższe niż karta, na której rzucono Warnin' Bells) są automatycznie odrzucane i nie mogą być chowane do rękawa. Inne karty Akcji działają normalnie.",1,3,5,7,9,11,13,15,17,19,21
Metal Mage,Waste Product,Produkt odpadowy,Wiedza,Para,1,Działa stale,Dotyk,"Zmienia paliwa (wliczając w to proch, dynamit etc.) w popiół. Można rzucić ten Kant tylko na coś, co jest paliwem (np. Kant działa na drewno porąbane na opał, ale z jakiegoś powodu nie działa na drewniane meble). Kant z jakiegoś powodu nigdy nie działa na upioryt. Minimalna wymagana ręka to zwykle Para.",-,K4,K6,K8,K10,K12,K20,K20,K20,K20,K20
Podstawka,Watchdog,Zły Pies,Spostrzegawczość,Para,5 minut,Działa 1 godzinę/H,Dotyk,"Kanciarz rzuca ten Kant na obszar o promieniu do 10 stóp na poziom Kantowania (wybierając przy tym słowo stanowiące „hasło”). Od tego momentu Kanciarz otrzyma natychmiastowe ostrzeżenie, jeśli na obszar Kanta wejdzie dowolna osoba, zwierzę (większe niż normalnych rozmiarów owad) lub Abominacja – i nie wypowie „hasła”. Efekt ten działa niezależnie od odległości, w jakiej znajduje się Kanciarz od chronionego obszaru.",,,,,,,,,,,
Metal Mage,Weird Science,Dziwna nauka,Wiedza,Para,1,Działa 1 minutę/H,Na siebie,"Kant pozwala na rozwiązywanie technicznych, matematycznych i naukowych problemów za pomocą nadnaturalnej inspiracji. Rozwiązania są zwykle nielogiczne, niespójne, by nie powiedzieć szalone, ale często działają.",-,0,2,4,6,8,10,12,14,16,18
Podstawka,Whirlpool,Wir,Wiedza,Para,2,Koncentracja,Zasięg 25 jardów/H,"Tworzy wir wodny, o promieniu zależnym od pociągniętej ręki. Każdy statek o długości nie większej niż połowa promienia wiru, który znajdzie się w jego pobliżu musi zdać test Drivin' o poziomie zależnym od pociągniętej ręki. Jeśli test zostanie oblany, statek otrzymuje 2k6 obrażeń od tonięcia. Jeśli test zostanie zdany, statek nie tonie, ale kapitan nie potrafi go wyprowadzić z wiru. Przy przebiciu możliwe jest wydostanie się z wiru. Można próbować jednego takiego testu w każdej rundzie.",-,"PT 7, 40 ft","9, 60","11, 80","13, 100","15, 120","17, 140","19, 160","21, 180","23, 200","25, 220"
Podstawka,Widow's Web,Pajęczyna,Duch,As,2,Działa 5 rund/H,Zasięg 5 jardów/H,Tworzy sieć przypominającą pajęczynę o rozmiarze do 10 na 10 jardów na poziom Kantowania. Każdy kto dotknie sieci musi wykonać test Siły (PT 5) by się uwolnić. Każdy niezdany test zwiększa PT o 2 (szamotanina powoduje zaplątanie się w sieć). Próba rozerwania sieci (przez osobę nie uwięzioną w niej) wymaga testu Siły o PT zależnym od pociągniętej ręki. Sieć można też spalić – wystarczy ogień rozmiaru mniej więcej pochodni i jedna Akcja – sieć zostaje zniszczona przez ogień w ciągu 1 rundy (każdy kto dotyka wtedy sieci dostaje 2k12 obrażeń od ognia).,5,7,9,11,13,15,17,19,21,23,25
Podstawka,Wildfire,Pożar,Duch,Para,1,Działa natychmiast,Zasięg 10 jardów/H,"Podpala wszystko w promieniu do 5 jardów na poziom Kantowania. Kanciarz nie ma wpływu na powstały w ten sposób ogień, nie jest on także magiczny. Rodzaj materiału, jaki można podpalić zależy od pociągniętej ręki (Para: sucha trawa lub papier, Dwie Pary: suchy chrust, Trójka: cienka tkanina, patyki, Strit: gałęzie, włosy, dowolna tkanina, Kolor: meble, Ful: dowolne drewno, Kareta: żywe drzewa, Poker: żywe zwierzęta, Królewski Poker: wszystko, co jest potencjalnie palne).",,,,,,,,,,,
Metal Mage,Wire Tap,Podsłuch,Spostrzegawczość,As,1,Koncentracja,Zasięg 20 jardów/H,"Rzucenie Kanta tworzy niematerialny, ledwie widoczny drut telegraficzny sięgający od uszu Kanciarza do pobliskiej linii telegraficznej (o ile znajduje się ona w zasięgu Kanta). Dopóki utrzymuje koncentrację, Kanciarz może wykorzystywać ten drut w stopniu zależnym od pociągniętej ręki:",Może słuchać wszystkich wysłanych i otrzymanych wiadomości;,,"Sprawić, że wybrana przez niego wiadomość nie zostanie wysłana lub otrzymana;",Usłyszeć wszystkie wiadomości wysłane w ciągu ostatnich 24 godzin;,,,,,,,
Metal Mage,Zilch,"Nic, null, nada",Duch,-,1,Działa 1 rundę/H,Zasięg 5 jardów/H,"Rzucenie tego Kanta przywraca naturalny porządek praw fizyki i sprawia, że szalony wynalazek przestaje działać na czas działania Kanta. Minimalna ręka potrzebna, by Kant zadziałał jest o 2 niższa niż ręka potrzebna do zaprojektowania danego szalonego wynalazku.",,,,,,,,,,,